0.0	0.0	0.0	0.07119813214735302	0.00045405781968180497	0.0001435856899604534
0.01	0.0	0.0	0.07004103606189184	0.00046832108268807617	0.00014809612975703716
0.02	0.0	0.0	0.06872725988696907	0.00041850863423930127	0.00013234405046425217
0.03	0.0	0.0	0.06749407579488659	0.00047406785382125236	0.0001499134183542915
0.04	0.0	0.0	0.06599472771684362	0.0006561240090121165	0.00020748462959991321
0.05	0.0	0.0	0.06468401655625713	0.0003514139510601109	0.00011112684869088927
0.06	0.0	0.0	0.06326791730941463	0.0005717210905544421	0.0001807940832507415
0.07	0.0	0.0	0.06223786634385575	0.0004380166530914659	0.00013851302768528654
0.08	0.0	0.0	0.060712932122063676	0.0004504968611219941	0.0001424596159902059
0.09	0.0	0.0	0.059172802098940235	0.0006265254487906562	0.00019812474302376598
0.1	0.0	0.0	0.057793692843062315	0.00044518369037452993	0.00014077944387426926
0.11	0.0	0.0	0.05668432259535715	0.00043180303962059356	0.00013654811057850044
0.12	0.0	0.0	0.0551173811373334	0.0003392957565435	0.00010729473911074391
0.13	0.0	0.0	0.05383885772003537	0.00022300711705340522	7.052104243165381e-5
0.14	0.0	0.0	0.052632764004357346	0.0004257448029308031	0.00013463232792408676
0.15	0.0	0.0	0.051077858748380486	0.0004512705342235327	0.00014270427290673273
0.16	0.0	0.0	0.04998135271844832	0.0003851282304862365	0.00012178823995668041
0.17	0.0	0.0	0.04838545418278067	0.0005404531026893044	0.00017090627730030744
0.18	0.0	0.0	0.04670356325857374	0.00040234906173575147	0.00012723394495166748
0.19	0.0	0.0	0.0457767065745696	0.0005264049513997678	0.0001664638618013507
0.2	0.0	0.0	0.044494877691851856	0.0006824944538010482	0.00021582369644438748
0.21	0.0	0.0	0.04318399338932567	0.0006369462205083301	0.00020142008038421746
0.22	0.0	0.0	0.041658825711944285	0.0005241420013304408	0.00016574825415631976
0.23	0.0	0.0	0.0403107703506305	0.00034759606134830066	0.00010991952595642486
0.24	0.0	0.0	0.038780894717636835	0.0006950953486641556	0.00021980844927676094
0.25	0.0	0.0	0.037815820648787364	0.00041440776658400216	0.00013104724224688623
0.26	0.0	0.0	0.03617796624630611	0.0005009751925613073	0.00015842226597351738
0.27	0.0	0.0	0.035020113394698106	0.0006513237029856121	0.00020596663954895457
0.28	0.0	0.0	0.0336546853912637	0.0006591858403030555	0.0002084528656689673
0.29	0.0	0.0	0.03238917353952757	0.0007260826775989407	0.00022960750308063696
0.3	0.0	0.0	0.031036550704781684	0.0005954084662564986	0.00018828468915180438
0.31	0.0	0.0	0.029637790256857192	0.000532138763300902	0.00016827705232960713
0.32	0.0	0.0	0.028347471578747535	0.0005430631459549366	0.0001717316454514056
0.33	0.0	0.0	0.027071434183363757	0.0005458791465331851	0.00017262214302336723
0.34	0.0	0.0	0.025886217118961795	0.0007282011344866636	0.00023027741796964458
0.35	0.0	0.0	0.023959140900311128	0.00036423888476979813	0.00011518244882721771
0.36	0.0	0.0	0.022903237057956837	0.0006595274780318886	0.00020856090100474328
0.37	0.0	0.0	0.022066131534617887	0.0009380770079415813	0.0002966459965731258
0.38	0.0	0.0	0.020130325371733506	0.0006652420658348502	0.00021036801233938088
0.39	0.0	0.0	0.018667511948150924	0.001255947562116467	0.00039716549180238413
0.4	0.0	0.0	0.017150895972520525	0.0007527943720152908	0.00023805448253244382
0.41	0.0	0.0	0.016083000295462703	0.00043235597715920266	0.00013672296478108167
0.42	0.0	0.0	0.014752905666717404	0.0005551235175842163	0.00017554546982906556
0.43	0.0	0.0	0.013721324249858271	0.0012193537598327716	0.0003855935154561493
0.44	0.0	0.0	0.011932815066104425	0.0006614803655429316	0.0002091784582596426
0.45	0.0	0.0	0.010932821184234113	0.0003873448148977042	0.0001224891854933066
0.46	0.0	0.0	0.00926148850972402	0.0006053501959861695	0.0001914285401345614
0.47	0.0	0.0	0.007978917503833277	0.0007686920983010303	0.00024308178500053037
0.48	0.0	0.0	0.006608380203489414	0.0005935740799885109	0.00018770460528026665
0.49	0.0	0.0	0.005334676375845488	0.0007815908687665614	0.0002471607343692092
0.5	0.0	0.0	0.003983355079357153	0.000571762458942199	0.0001808071650835856
0.51	0.0	0.0	0.003076711607281939	0.001018910743467503	0.00032220786817728394
0.52	0.0	0.0	0.0013430589960493216	0.0006388335818626334	0.0002020169164489553
0.53	0.0	0.0	0.00011480260350905498	0.0004155376751573731	0.00013140455071084659
0.54	0.0	0.0	-0.001477800192532735	0.0005413563154005749	0.00017119189823823052
0.55	0.0	0.0	-0.0025872580755299532	0.0007763985515895879	0.00024551877950788404
0.56	0.0	0.0	-0.003926800631804195	0.0007577270035463129	0.00023961431758208316
0.57	0.0	0.0	-0.005011357686262748	0.0008635058106525611	0.00027306451344521804
0.58	0.0	0.0	-0.0065158589166052615	0.000570773179979583	0.0001804943276072701
0.59	0.0	0.0	-0.008485775873971474	0.0007690169022124702	0.00024318449701583855
0.6	0.0	0.0	-0.009192990179237913	0.0006888245275272445	0.00021782544151754442
0.61	0.0	0.0	-0.01040018527169575	0.0006979720262427393	0.0002207181346009872
0.62	0.0	0.0	-0.012126831402030719	0.0005687989367884106	0.00017987001709335172
0.63	0.0	0.0	-0.013223073674005856	0.001064298476728456	0.0003365607296709632
0.64	0.0	0.0	-0.014860904632039474	0.0008066771637194099	0.000255093717379788
0.65	0.0	0.0	-0.01596520686199155	0.0008374027297959988	0.0002648099944997905
0.66	0.0	0.0	-0.017992554351616626	0.001058298663918492	0.0003346634222695491
0.67	0.0	0.0	-0.0189588774667564	0.00041430073123993946	0.00013101339469914842
0.68	0.0	0.0	-0.019941963727896847	0.0008009579353342031	0.000253285138564194
0.69	0.0	0.0	-0.022248840162349424	0.0007689091522989651	0.00024315042350140232
0.7	0.0	0.0	-0.023321082062043478	0.0007722235251505069	0.00024419852022399224
0.71	0.0	0.0	-0.02398365400736861	0.0008510153031738835	0.0002691146681688192
0.72	0.0	0.0	-0.02543785422336952	0.0005067722902483181	0.0001602554692244622
0.73	0.0	0.0	-0.027734318634593302	0.0006910624679896787	0.00021853314043045866
0.74	0.0	0.0	-0.02833063929236183	0.0008296299706130025	0.0002623520322275647
0.75	0.0	0.0	-0.029816457509159077	0.0007286642678180702	0.00023042387358840322
0.76	0.0	0.0	-0.03102183051046724	0.0007973067643316649	0.00025213053691471585
0.77	0.0	0.0	-0.03261716556944409	0.0006119459146922926	0.00019351428952627418
0.78	0.0	0.0	-0.03395404906453593	0.0005270703823242887	0.00016667428953605047
0.79	0.0	0.0	-0.03497879582641657	0.0006423876802269545	0.00020314082103490866
0.8	0.0	0.0	-0.036757982575494175	0.001032010779784847	0.00032635046339665703
0.81	0.0	0.0	-0.03805735876664728	0.0010795884576850759	0.0003413958461913151
0.82	0.0	0.0	-0.03921562254113031	0.001014461137685734	0.0003208007792812595
0.83	0.0	0.0	-0.04070277197678089	0.0008167513178204503	0.0002582794446256694
0.84	0.0	0.0	-0.041908583510562945	0.0009167037100852338	0.0002898871663396005
0.85	0.0	0.0	-0.04370647688243267	0.0008938565704590883	0.0002826622664157498
0.86	0.0	0.0	-0.04499321244630959	0.0006702888463163198	0.00021196394445661338
0.87	0.0	0.0	-0.04578923253091419	0.0013762904576185807	0.00043522125680301533
0.88	0.0	0.0	-0.047644178475356	0.0009979190018453233	0.00031556969661929933
0.89	0.0	0.0	-0.048939153630792695	0.0008706705899644235	0.00027533021560101193
0.9	0.0	0.0	-0.05056889912216232	0.0006170296825910878	0.00019512191809185827
0.91	0.0	0.0	-0.05162496857166993	0.0006996446760015298	0.00022124707289753815
0.92	0.0	0.0	-0.05277968724538047	0.0007765600985838946	0.0002455698651530004
0.93	0.0	0.0	-0.054370546672563844	0.0009755326746185393	0.0003084905183710515
0.94	0.0	0.0	-0.05476028382094321	0.0009369108674406404	0.00029627723056765146
0.95	0.0	0.0	-0.057046416862653396	0.0008641880108441352	0.00027328024408777575
0.96	0.0	0.0	-0.058076946894231554	0.0012266006033357596	0.0003878851685877728
0.97	0.0	0.0	-0.05943274185531727	0.00150862112344477	0.0004770678876327519
0.98	0.0	0.0	-0.061834615692636395	0.0006127743051554549	0.00019377624959182962
0.99	0.0	0.0	-0.06260472415895867	0.0011948334025017368	0.0003778394976354215
1.0	0.0	0.0	-0.06313839556700793	0.0010207907345305516	0.00032280237355128335
1.01	0.0	0.0	-0.06551625252857977	0.0007828303313020765	0.0002475526868378767
1.02	0.0	0.0	-0.06657621185977068	0.0013405954790990141	0.00042393351348775376
1.03	0.0	0.0	-0.06778233913585664	0.0010860379359632162	0.00034343535029918555
1.04	0.0	0.0	-0.06896368188009128	0.001629437635620912	0.0005152734233761593
1.05	0.0	0.0	-0.07141671003592785	0.0011423662255591964	0.0003612479194816719
1.06	0.0	0.0	-0.07147326326198389	0.0011071365844972196	0.0003501073287910679
1.07	0.0	0.0	-0.07327554664673651	0.0012530525990953108	0.00039625002411350255
1.08	0.0	0.0	-0.0751021747437864	0.0006561645258841094	0.0002074974421598295
1.09	0.0	0.0	-0.0768027047997824	0.0005652785391302526	0.00017875676960642147
1.1	0.0	0.0	-0.07805582589365385	0.0004842053686795096	0.0001531191820308807
1.11	0.0	0.0	-0.07869676514706023	0.000947085857069626	0.00029949484480727007
1.12	0.0	0.0	-0.08049277719733551	0.0008379373841805628	0.00026497906706141224
1.13	0.0	0.0	-0.08209597457190163	0.0008938830955470224	0.00028267065438505054
1.14	0.0	0.0	-0.08338689893005916	0.0007340204397251607	0.0002321176438649846
1.15	0.0	0.0	-0.08512013134450783	0.0008980957206410291	0.0002840028034075948
1.16	0.0	0.0	-0.08534086369951416	0.0012038530239401569	0.0003806917523732107
1.17	0.0	0.0	-0.08752984377478935	0.0014192971917844515	0.00044882118027196865
1.18	0.0	0.0	-0.08865044637452223	0.0009271477648579969	0.00029318986644854894
1.19	0.0	0.0	-0.09016398169389678	0.0010915359082241114	0.000345173961784871
1.2	0.0	0.0	-0.09212255470148072	0.0011811446765639295	0.000373510742412492
1.21	0.0	0.0	-0.0929626738246494	0.0007262548710166847	0.000229661955420453
1.22	0.0	0.0	-0.09476587287705449	0.001962447623438983	0.0006205804278851624
1.23	0.0	0.0	-0.09518475556536699	0.0007513371581263394	0.000237593671039732
1.24	0.0	0.0	-0.09714483357298642	0.0010132776147036325	0.00032042651645259994
1.25	0.0	0.0	-0.09873913884037189	0.0011039888914786524	0.00034911194085969954
1.26	0.0	0.0	-0.10024476779072597	0.001037109744198641	0.0003279628975222304
1.27	0.0	0.0	-0.10141752940774747	0.0010572988055472824	0.0003343472392904882
1.28	0.0	0.0	-0.10254804144302443	0.00114758944628508	0.0003628996469032308
1.29	0.0	0.0	-0.10405779099401644	0.0012376789050597223	0.000391388435193202
1.3	0.0	0.0	-0.10554042416443632	0.0010229808608135692	0.0003234949522930568
1.31	0.0	0.0	-0.10754359831518401	0.00085162046302043	0.00026930603651517573
1.32	0.0	0.0	-0.10842128277808274	0.001381339301471936	0.0004368178414157297
1.33	0.0	0.0	-0.11026437379946404	0.0008036129878852783	0.0002541247399010778
1.34	0.0	0.0	-0.11155205877641874	0.0013612309886261765	0.00043045903456614753
1.35	0.0	0.0	-0.11321687457806844	0.0006705912816963084	0.00021205958292119166
1.36	0.0	0.0	-0.11385620632536264	0.000997584307819329	0.00031546385707515996
1.37	0.0	0.0	-0.11625511143261757	0.0008998131905630219	0.00028454591508422767
1.38	0.0	0.0	-0.1169650177174626	0.0013860707673054552	0.00043831406228624846
1.39	0.0	0.0	-0.11887393052497344	0.0009675575425852228	0.0003059685601844665
1.4	0.0	0.0	-0.1201278426626204	0.0013924895884928979	0.00044034387177081504
1.41	0.0	0.0	-0.12087369217014791	0.0009366117690348218	0.00029618264734696025
1.42	0.0	0.0	-0.1225752954818862	0.0019407027304183212	0.0006137040889429633
1.43	0.0	0.0	-0.1242205039898305	0.001623332946139185	0.0005133429510591263
1.44	0.0	0.0	-0.12575289030065595	0.001609203995324211	0.0005088749845067453
1.45	0.0	0.0	-0.12724695776969103	0.001135975185153092	0.00035922689505152615
1.46	0.0	0.0	-0.12871792016978062	0.0012864433828262852	0.00040680911705829996
1.47	0.0	0.0	-0.12918702777826957	0.0015565853309269155	0.0004922355018135989
1.48	0.0	0.0	-0.1319197511514669	0.0015283303501431498	0.0004833004923614999
1.49	0.0	0.0	-0.1333599591804892	0.0011979850956840552	0.0003788361505296366
1.5	0.0	0.0	-0.13466324927044426	0.0010287436661629678	0.000325317311354687
1.51	0.0	0.0	-0.13673510344625253	0.0010797675959285191	0.00034145249467784736
1.52	0.0	0.0	-0.13751020231439584	0.0013576816756841526	0.00042933664326359663
1.53	0.0	0.0	-0.13884304209656198	0.0013566228785753674	0.0004290018222192204
1.54	0.0	0.0	-0.14047557033194696	0.0013598489947005462	0.00043002200971439656
1.55	0.0	0.0	-0.14217160428906386	0.0010182337963344677	0.00032199379869769264
1.56	0.0	0.0	-0.14273515830269481	0.0017614831750754696	0.0005570298893303623
1.57	0.0	0.0	-0.14455302775442988	0.001234419430201045	0.00039035769874025443
1.58	0.0	0.0	-0.14644624242894305	0.0010506979797731554	0.0003322598749020697
1.59	0.0	0.0	-0.14759255442828162	0.0011698189001510197	0.0003699292174390313
1.6	0.0	0.0	-0.14936956807171337	0.0017043768576772015	0.0005389712861540595
1.61	0.0	0.0	-0.1501491742863808	0.0013948355288820452	0.00044108572325928376
1.62	0.0	0.0	-0.1526183676576156	0.0014416866536635824	0.0004559013497843254
1.63	0.0	0.0	-0.15388574156413984	0.0019689285185625783	0.0006226298668718863
1.64	0.0	0.0	-0.15492400895247532	0.0010573298277767624	0.00033435704938081354
1.65	0.0	0.0	-0.15650388848136956	0.0015548159501116222	0.0004916759744711456
1.66	0.0	0.0	-0.1587829250885633	0.0009606872336389589	0.000303795977734544
1.67	0.0	0.0	-0.15932591464819645	0.0011784183497366293	0.00037264860217046307
1.68	0.0	0.0	-0.1616135445263912	0.0014820430655574602	0.0004686631677619817
1.69	0.0	0.0	-0.16306856943289516	0.0010222797324718944	0.00032327323604387786
1.7	0.0	0.0	-0.16449280322923102	0.0012036518048493315	0.0003806281213096391
1.71	0.0	0.0	-0.1664531822390144	0.0015246902290067495	0.0004821493849865054
1.72	0.0	0.0	-0.16703772997808786	0.0010289946178054395	0.0003253966692319641
1.73	0.0	0.0	-0.16893602254557855	0.0018389671560909097	0.000581532475548966
1.74	0.0	0.0	-0.17080938617028893	0.0016897148271485705	0.0005343347449947199
1.75	0.0	0.0	-0.17127734352188492	0.0013877615041529815	0.00043884872022246406
1.76	0.0	0.0	-0.17416676080926352	0.0014552600635786327	0.00046019363887899253
1.77	0.0	0.0	-0.17470124452153982	0.0013746705370742418	0.0004347089929481542
1.78	0.0	0.0	-0.17719553803627805	0.001228604296993601	0.0003885187921569741
1.79	0.0	0.0	-0.17850471175406518	0.002182511854606461	0.0006901708480874669
1.8	0.0	0.0	-0.17942351927938024	0.0016018597910573142	0.0005065525431982533
1.81	0.0	0.0	-0.18134577165896335	0.0017571128022396043	0.000555647856091816
1.82	0.0	0.0	-0.18304722397251522	0.0011118557333683445	0.0003515996546960846
1.83	0.0	0.0	-0.1849264746153657	0.0014588335145091433	0.00046132366328371867
1.84	0.0	0.0	-0.18549281688857994	0.0018729289405272946	0.0005922721347712295
1.85	0.0	0.0	-0.18695104393926296	0.0010517414124628748	0.0003325898372905286
1.86	0.0	0.0	-0.1879203458504564	0.0018770241587843111	0.0005935671564919971
1.87	0.0	0.0	-0.19172901345836368	0.002054030234394565	0.0006495413923536353
1.88	0.0	0.0	-0.19238066948725754	0.0012491505026388705	0.0003950160728683002
1.89	0.0	0.0	-0.19340517596275927	0.0018623306197614123	0.0005889206514719046
1.9	0.0	0.0	-0.1949091496290414	0.0015052578038274385	0.0004760043125837625
1.91	0.0	0.0	-0.19607244374142543	0.001193531700655827	0.00037742786336866953
1.92	0.0	0.0	-0.1982713103644557	0.002072663898431113	0.0006554338743046212
1.93	0.0	0.0	-0.20017758405929365	0.0008174283502549753	0.0002584935410799602
1.94	0.0	0.0	-0.20069515509474867	0.0021680036185140854	0.0006855829409991301
1.95	0.0	0.0	-0.2032108223453432	0.0009202478724157651	0.00029100792887578545
1.96	0.0	0.0	-0.20328983290009436	0.0013177484970211795	0.0004167086633850534
1.97	0.0	0.0	-0.20590561690725373	0.0016429672228582945	0.0005195518545233667
1.98	0.0	0.0	-0.20676780924067834	0.0009412956895777086	0.00029766383307643774
1.99	0.0	0.0	-0.20887138291823773	0.0015522266224163427	0.0004908571571585819
2.0	0.0	0.0	-0.20968557312119646	0.0016598860146942273	0.0005249020462693477
2.01	0.0	0.0	-0.2112840481882099	0.0010610136670398105	0.0003355219816413324
2.02	0.0	0.0	-0.21329198864172366	0.001991547470180818	0.0006297826074117653
2.03	0.0	0.0	-0.21466207448830996	0.0021130650309742	0.0006682098341932718
2.04	0.0	0.0	-0.2163738304082478	0.0014150301183288767	0.0004474718131656825
2.05	0.0	0.0	-0.21791146389838506	0.0015759860494471006	0.0004983705476903585
2.06	0.0	0.0	-0.2186273608186496	0.0014217941547057774	0.0004496107892784064
2.07	0.0	0.0	-0.22056392841492692	0.0015100855885584205	0.00047753099216405116
2.08	0.0	0.0	-0.22206375662873037	0.00120412618073718	0.00038077813213690566
2.09	0.0	0.0	-0.22378513404335063	0.0020349046481842217	0.0006434933509525759
2.1	0.0	0.0	-0.22610118788962877	0.0022716417723290896	0.0007183562028541583
2.11	0.0	0.0	-0.22699560024692497	0.0019280992023231478	0.0006097185034094963
2.12	0.0	0.0	-0.22864461797896887	0.0010813102290993032	0.00034194031811922784
2.13	0.0	0.0	-0.22953902765001444	0.0021491958055773605	0.0006796353883304871
2.14	0.0	0.0	-0.23135287934132095	0.0005596360612491034	0.00017697246143126626
2.15	0.0	0.0	-0.2325613465835755	0.0011356445938951784	0.00035912235291657137
2.16	0.0	0.0	-0.2338467832108045	0.0014260197139794775	0.00045094702844770035
2.17	0.0	0.0	-0.23552281329233377	0.0014288939429683335	0.0004518559394598671
2.18	0.0	0.0	-0.23698800183613328	0.0019511545646381076	0.0006170092491290648
2.19	0.0	0.0	-0.23900353998432267	0.0009794810873923014	0.0003097391161218107
2.2	0.0	0.0	-0.2408537289824207	0.0015483807953440682	0.0004896409998550293
2.21	0.0	0.0	-0.24413541743227252	0.0016495261911643564	0.0005216259824181679
2.22	0.0	0.0	-0.2445327958605889	0.001032012665097987	0.00032635105958501954
2.23	0.0	0.0	-0.24604054468563485	0.0011959592841577164	0.0003781955326762913
2.24	0.0	0.0	-0.24780561971138634	0.0017217660901932986	0.0005444702443053723
2.25	0.0	0.0	-0.2508317560184091	0.001968735871598428	0.0006225689465527832
2.26	0.0	0.0	-0.252200696616176	0.0018523051102757738	0.0005857503070040806
2.27	0.0	0.0	-0.25429415572621983	0.0016316084597773589	0.0005159598982495679
2.28	0.0	0.0	-0.25513954653552345	0.0015405882270076731	0.00048717677337847766
2.29	0.0	0.0	-0.25733831609283886	0.0017234213668333269	0.0005449936887393882
2.3	0.0	0.0	-0.2592004452831997	0.001148164601035063	0.00036308152680493194
2.31	0.0	0.0	-0.2616524781989188	0.002139710615274671	0.000676635907790823
2.32	0.0	0.0	-0.26351654964901533	0.001336760690643073	0.00042272084690118435
2.33	0.0	0.0	-0.2639142146704504	0.0016918583753180185	0.0005350125944436939
2.34	0.0	0.0	-0.26693127734368305	0.0016282477701802824	0.0005148971548860084
2.35	0.0	0.0	-0.2683494706222861	0.0020317745296312244	0.0006425035205551938
2.36	0.0	0.0	-0.27096049274593803	0.0023651168909550086	0.0007479156307953915
2.37	0.0	0.0	-0.27191282285143875	0.0012884307155298304	0.00040743756683947425
2.38	0.0	0.0	-0.27562851928990206	0.0019728037658213312	0.0006238553276552846
2.39	0.0	0.0	-0.2765738687700582	0.0013151221118255021	0.00041587812746192465
2.4	0.0	0.0	-0.27831447033954015	0.0020369582365377466	0.0006441427526099293
2.41	0.0	0.0	-0.28068467321342155	0.0023223001052868394	0.0007343757743155247
2.42	0.0	0.0	-0.2824241750648941	0.001186999884254603	0.00037536232166007825
2.43	0.0	0.0	-0.284434840084095	0.0013195954455442016	0.00041729271979043677
2.44	0.0	0.0	-0.28696795992717855	0.0013541479640471997	0.0004282191855268953
2.45	0.0	0.0	-0.28849552504708276	0.0014205694301641118	0.0004492234973726095
2.46	0.0	0.0	-0.2905801344302703	0.0012923388055144608	0.0004086734134047067
2.47	0.0	0.0	-0.2926951409341189	0.0015694464230421683	0.000496302536241742
2.48	0.0	0.0	-0.29499996462738975	0.0027129081001008356	0.0008578968679038713
2.49	0.0	0.0	-0.29664518008540075	0.0013636506609224792	0.00043122420213090014
2.5	0.0	0.0	-0.29899003117893413	0.0019782177340046335	0.0006255673747191765
2.51	0.0	0.0	-0.30142603742928775	0.0014026212459523101	0.00044354778317525276
2.52	0.0	0.0	-0.30409340336158514	0.0012945172727569388	0.0004093623052341364
2.53	0.0	0.0	-0.30553239157321244	0.0018923236363248466	0.0005984052760958654
2.54	0.0	0.0	-0.3070083600251217	0.0015052982693436663	0.00047601710890355996
2.55	0.0	0.0	-0.31058156371711687	0.002381726859024657	0.0007531681638916676
2.56	0.0	0.0	-0.31184005311156204	0.0012324107997697567	0.0003897225140262147
2.57	0.0	0.0	-0.3147077415788394	0.0013765493972827314	0.00043530314071454283
2.58	0.0	0.0	-0.3163482750575194	0.0015943100597371057	0.0005041651085288363
2.59	0.0	0.0	-0.31953354614654034	0.0013767940057456765	0.0004353804927023288
2.6	0.0	0.0	-0.3216811536932129	0.001789258428065511	0.0005658131955339556
2.61	0.0	0.0	-0.3238013470845908	0.0020229973150009085	0.0006397279215807986
2.62	0.0	0.0	-0.3251593635516623	0.0012357199623645886	0.00039076896312096487
2.63	0.0	0.0	-0.3280480606572535	0.0021459145297013232	0.0006785977577905228
2.64	0.0	0.0	-0.33053304963037744	0.0017800305428337453	0.0005628950820020546
2.65	0.0	0.0	-0.33257337012324434	0.0014375180967162965	0.0004545831363333712
2.66	0.0	0.0	-0.3345111980072365	0.0012854956050795117	0.00040650940341875727
2.67	0.0	0.0	-0.33765512619767335	0.0023703924004062314	0.0007495838933637525
2.68	0.0	0.0	-0.33987016074493953	0.0015327640837192716	0.0004847025620253908
2.69	0.0	0.0	-0.3426342570698259	0.002076516473776174	0.0006566521655994014
2.7	0.0	0.0	-0.34555027206054195	0.001639154931263917	0.0005183463020690719
2.71	0.0	0.0	-0.34822546082037353	0.0016270788446609583	0.0005145275081803925
2.72	0.0	0.0	-0.35067416546705876	0.0019192037078810697	0.0006069055010744627
2.73	0.0	0.0	-0.35393352020953756	0.0018320455373580394	0.0005793436675198501
2.74	0.0	0.0	-0.3558639624986074	0.0014789455930282896	0.0004676836609437836
2.75	0.0	0.0	-0.3595797834348592	0.0017528797480092413	0.0005543092468091201
2.76	0.0	0.0	-0.36244365871747003	0.001441220493244607	0.00045575393691642735
2.77	0.0	0.0	-0.3665450004036224	0.001766103247410265	0.0005584908844836309
2.78	0.0	0.0	-0.3706314040509648	0.0025765415400135464	0.000814773975248067
2.79	0.0	0.0	-0.3739432062842276	0.0018942514547369829	0.0005990149058056214
2.8	0.0	0.0	-0.37908202438676974	0.0018003088393810974	0.0005693076424178507
2.81	0.0	0.0	-0.38359957824195673	0.001496622217841125	0.0004732735005190643
2.82	0.0	0.0	-0.3883893005703902	0.001532052130967216	0.0004844774227970987
2.83	0.0	0.0	-0.3929739378914381	0.0018592093046349671	0.0005879336049624343
2.84	0.0	0.0	-0.3950795113703546	0.0020812009005972583	0.0006581335114281021
2.85	0.0	0.0	-0.39408175046442795	0.001990855152693924	0.0006295636773995104
2.86	0.0	0.0	-0.3925447736701581	0.0015085260495825076	0.0004770378226376821
2.87	0.0	0.0	-0.3911369144257999	0.001189234039338389	0.0003760688235311591
2.88	0.0	0.0	-0.39087745961245346	0.0012209952529981946	0.00038611260117278287
2.89	0.0	0.0	-0.39027755867227454	0.0016795614577034572	0.000531123967657548
2.9	0.0	0.0	-0.3900084822899068	0.0012686876618545364	0.0004011942650813855
2.91	0.0	0.0	-0.39106367073067017	0.0019805635920055447	0.0006263092001541974
2.92	0.0	0.0	-0.3920227317707571	0.001729051167436457	0.0005467739880072363
2.93	0.0	0.0	-0.3934561194392206	0.0013804553754830434	0.000436538319474938
2.94	0.0	0.0	-0.39373583503123444	0.0010836945700925399	0.00034269431294494144
2.95	0.0	0.0	-0.39578739620911535	0.0012006079145818781	0.0003796655586903619
2.96	0.0	0.0	-0.3977858631330814	0.0014782049114309779	0.00046744943685693587
2.97	0.0	0.0	-0.3985403044548797	0.0013318132283735584	0.00042115632196024314
2.98	0.0	0.0	-0.401478494137481	0.0011119020864722743	0.00035161431283458824
2.99	0.0	0.0	-0.40246872195033817	0.0022494943034537616	0.0007113525582487859
3.0	0.0	0.0	-0.40453615836033585	0.0011749280543034962	0.00037154487384290463
3.01	0.0	0.0	-0.40689321113833243	0.001690581874205248	0.0005346089293484845
3.02	0.0	0.0	-0.4102834660547314	0.0016968310817175743	0.0005365851022794831
3.03	0.0	0.0	-0.41238778954352107	0.0011486567980171542	0.00036323717315701887
3.04	0.0	0.0	-0.41444134437059166	0.0019437182193276586	0.0006146576702642117
3.05	0.0	0.0	-0.4183470238822952	0.0019305700249065687	0.0006104998461152753
3.06	0.0	0.0	-0.42221251909304947	0.001288157993934966	0.0004073513246987858
3.07	0.0	0.0	-0.42623845665476434	0.0009896791808827745	0.0003129640364439338
3.08	0.0	0.0	-0.4304076025378448	0.0011731871227078211	0.00037099434293361616
3.09	0.0	0.0	-0.4349916000479829	0.0015742294037318371	0.0004978150475401377
3.1	0.0	0.0	-0.441153479958757	0.0012005593053702587	0.00037965018710796366
3.11	0.0	0.0	-0.44979449227498425	0.0018274664361758203	0.0005778956285826319
3.12	0.0	0.0	-0.457113914967125	0.0009975815022598403	0.0003154629698793504
3.13	0.0	0.0	-0.4646305581683607	0.0015546786206861601	0.0004916325470937234
3.14	0.0	0.0	-0.467335115698088	0.0014893555199156146	0.00047097556886776094
3.15	0.0	0.0	-0.46836075073034455	0.0015635083383360047	0.0004944247489806931
3.16	0.0	0.0	-0.4681165738062649	0.0014538000555051592	0.0004597319437875514
3.17	0.0	0.0	-0.4652089313150154	0.0010156343687731067	0.00032117178752704085
3.18	0.0	0.0	-0.4625702114307579	0.0017293001519928706	0.0005468527238372837
3.19	0.0	0.0	-0.4615256969072633	0.002041374118914745	0.0006455391772290007
3.2	0.0	0.0	-0.46051098788028827	0.0012788606703375567	0.00040441125282764134
3.21	0.0	0.0	-0.4582332917165039	0.002029128334455385	0.0006416667201662935
3.22	0.0	0.0	-0.4563422050209501	0.0024704796706065827	0.0007812342672259332
3.23	0.0	0.0	-0.4559945667965308	0.0016138607710898866	0.0005103475863039663
3.24	0.0	0.0	-0.45606393678671175	0.0021525813230303136	0.0006807059829514454
3.25	0.0	0.0	-0.4553273421057454	0.0010809195672259993	0.000341816779987765
3.26	0.0	0.0	-0.45331385597157203	0.002135469631904479	0.0006752947910939525
3.27	0.0	0.0	-0.45266988015712	0.0018871844034384277	0.0005967801079611529
3.28	0.0	0.0	-0.45254706941934836	0.0015749346858839662	0.000498038077339517
3.29	0.0	0.0	-0.4513435508095398	0.0018541727834510116	0.0005863409171199355
3.3	0.0	0.0	-0.4508007284749123	0.0021344160957388124	0.0006749616337058658
3.31	0.0	0.0	-0.450597623137854	0.0018290954469063062	0.000578410767006751
3.32	0.0	0.0	-0.4511907195761351	0.0024558963908002935	0.000776622629231592
3.33	0.0	0.0	-0.4519434801704283	0.002127057082505831	0.0006726345093911118
3.34	0.0	0.0	-0.450896169604681	0.0022642933361497523	0.0007160324232974492
3.35	0.0	0.0	-0.4510405703578139	0.0009631605129191414	0.0003045780973160518
3.36	0.0	0.0	-0.45181356620660995	0.001115985964038731	0.0003529057483141151
3.37	0.0	0.0	-0.4509148377553668	0.002178053033674278	0.0006887608451050135
3.38	0.0	0.0	-0.45323751569765935	0.0019340532794004932	0.0006116013479023572
3.39	0.0	0.0	-0.4544204319657855	0.002440327280374295	0.0007716992442227089
3.4	0.0	0.0	-0.4531857649901747	0.0011225630913926801	0.0003549856186040627
3.41	0.0	0.0	-0.4541954428445715	0.0018855194830702095	0.0005962536139125154
3.42	0.0	0.0	-0.45268530879193564	0.0015100544671783737	0.00047752115071956363
3.43	0.0	0.0	-0.4530190042209946	0.0008147575029047398	0.0002576489449890232
3.44	0.0	0.0	-0.4526869730484161	0.0015002397616950978	0.00047441746833047405
3.45	0.0	0.0	-0.45212954227098534	0.0029901661506395523	0.0009455735618359133
3.46	0.0	0.0	-0.45028474439149707	0.00182621208768626	0.0005774989687619716
3.47	0.0	0.0	-0.45141043489709887	0.0018048902720340329	0.0005707564186308451
3.48	0.0	0.0	-0.4493647503960587	0.0017653742839131691	0.0005582603659854364
3.49	0.0	0.0	-0.45003765074463004	0.0018729082301266035	0.0005922655855674856
3.5	0.0	0.0	-0.4498056465159396	0.002611916351159036	0.0008259604727498727
3.51	0.0	0.0	-0.4494962949334796	0.0016375404318175056	0.0005178357525158979
3.52	0.0	0.0	-0.450171249960727	0.0016520116168328221	0.0005224119430249078
3.53	0.0	0.0	-0.44981812415918065	0.00157569826434924	0.000498279542051769
3.54	0.0	0.0	-0.450288753305579	0.0018218417679142654	0.0005761169523036947
3.55	0.0	0.0	-0.45027282291003257	0.002225241100316194	0.0007036830220018403
3.56	0.0	0.0	-0.4515821210183857	0.002103756680086984	0.0006652662751869065
3.57	0.0	0.0	-0.45289000703733534	0.001216332662818792	0.00038463816069649834
3.58	0.0	0.0	-0.45325215430478905	0.0022852426991278483	0.0007226571935514883
3.59	0.0	0.0	-0.45338076193503873	0.0007532727420868649	0.000238205756431507
3.6	0.0	0.0	-0.45518748558366084	0.0020739117340661155	0.0006558284745798341
3.61	0.0	0.0	-0.45507599414132816	0.0010010513640498553	0.0003165602365215941
3.62	0.0	0.0	-0.45615503876356706	0.001651538485077362	0.000522262325626847
3.63	0.0	0.0	-0.4563723536441101	0.0026521082264917423	0.0008386702596983617
3.64	0.0	0.0	-0.45725677753857674	0.0014235637425628926	0.0004501703820932325
3.65	0.0	0.0	-0.4585367670917562	0.0014685391171577375	0.0004643928443271308
3.66	0.0	0.0	-0.4594599568376333	0.0014729027680616324	0.0004657727519041468
3.67	0.0	0.0	-0.45949472925457185	0.0021329353470523438	0.0006744933798567115
3.68	0.0	0.0	-0.46137351840859864	0.0017281354149982634	0.0005464844016594819
3.69	0.0	0.0	-0.46199038087229277	0.002086147250667726	0.0006596976846608235
3.7	0.0	0.0	-0.4622880629108936	0.0014241555664668154	0.00045035753324424533
3.71	0.0	0.0	-0.4634165000617966	0.0022389714821300726	0.0007080249499694013
3.72	0.0	0.0	-0.46346343452143024	0.0018228678223590892	0.0005764414192085929
3.73	0.0	0.0	-0.46467914370152064	0.0015372257977184103	0.00048611347987594447
3.74	0.0	0.0	-0.4655994663130095	0.0013794709511295497	0.0004362270171608201
3.75	0.0	0.0	-0.4660981835641504	0.0018490309541902119	0.0005847149279395528
3.76	0.0	0.0	-0.4675899951737105	0.0020784137414947925	0.0006572521343315959
3.77	0.0	0.0	-0.46833238136236394	0.0019471635850894016	0.0006157471905821586
3.78	0.0	0.0	-0.4704317964806749	0.0012236132346571615	0.00038694047966427104
3.79	0.0	0.0	-0.47144831225526973	0.0014249772115722504	0.0004506173602403957
3.8	0.0	0.0	-0.47163868562960315	0.002319668611619216	0.0007335436229517247
3.81	0.0	0.0	-0.4719322702140019	0.0015419073881631736	0.00048759392876369776
3.82	0.0	0.0	-0.47327242341067255	0.0015088020189119031	0.000477125091802206
3.83	0.0	0.0	-0.4755902442751486	0.0021021174167790606	0.0006647478946131285
3.84	0.0	0.0	-0.47650221005320226	0.0018331391074542683	0.0005796894847483634
3.85	0.0	0.0	-0.47700277186554024	0.001707079529607354	0.0005398259460608081
3.86	0.0	0.0	-0.4780665747260849	0.0017975357249156673	0.0005684307066255388
3.87	0.0	0.0	-0.47894514879646977	0.002044165736659105	0.0006464219642718725
3.88	0.0	0.0	-0.48217420856841287	0.0017179348192056937	0.0005432586900399568
3.89	0.0	0.0	-0.4813085264549454	0.001819012883164053	0.0005752223803988159
3.9	0.0	0.0	-0.4829495935810243	0.0014031774484965166	0.0004437236698632601
3.91	0.0	0.0	-0.48463201469608386	0.0011438090682511328	0.0003617041864028566
3.92	0.0	0.0	-0.4861403023755253	0.0012695645852810918	0.00040147157261753296
3.93	0.0	0.0	-0.48830671259891584	0.0014732934667680006	0.00046589630168324727
3.94	0.0	0.0	-0.48949274968400325	0.0009704778273639621	0.0003068920353161802
3.95	0.0	0.0	-0.49061024670701264	0.0017087338500855582	0.0005403490881299064
3.96	0.0	0.0	-0.4930890951627783	0.0020408913898297527	0.0006453865248888622
3.97	0.0	0.0	-0.49341083410419256	0.001400694815730001	0.00044293859244966466
3.98	0.0	0.0	-0.49486863860255975	0.0015348306613552295	0.0004853560712545101
3.99	0.0	0.0	-0.4965524198032763	0.001235111130694139	0.0003905764336419383
4.0	0.0	0.0	-0.49801569497106624	0.0012038034709380364	0.00038067608233805075
4.01	0.0	0.0	-0.4999646334884612	0.0011898576333974785	0.00037626602128736634
4.02	0.0	0.0	-0.5009217456600924	0.0015144243902658295	0.0004789030417351752
4.03	0.0	0.0	-0.5033460681453359	0.0020729035873607105	0.0006555096705993667
4.04	0.0	0.0	-0.5038230388412949	0.0015722467971180363	0.0004971880922797652
4.05	0.0	0.0	-0.5068827286593411	0.001463495883279724	0.00046279803374438613
4.06	0.0	0.0	-0.5072915849947028	0.001208274709468414	0.00038209001210984044
4.07	0.0	0.0	-0.5089579174603195	0.002048731225767142	0.0006478656986932814
4.08	0.0	0.0	-0.5096268648636404	0.0019166012640825095	0.0006060825360858596
4.09	0.0	0.0	-0.512149114312465	0.0016892606206500046	0.0005341911122883681
4.1	0.0	0.0	-0.5136902105906082	0.0017337635266840344	0.0005482641668447665
4.11	0.0	0.0	-0.5159737076294928	0.0011717859042075188	0.0003705512387375641
4.12	0.0	0.0	-0.5166063592975545	0.001360387267749712	0.00043019222659824134
4.13	0.0	0.0	-0.518121739615334	0.0014059119344795464	0.00044458839025687797
4.14	0.0	0.0	-0.5201476716935793	0.0014134931108921067	0.00044698576873760147
4.15	0.0	0.0	-0.5222420101557019	0.001262162629431444	0.0003991308686550436
4.16	0.0	0.0	-0.5237900229274295	0.0011682410617829002	0.0003694302611367452
4.17	0.0	0.0	-0.5260609059896167	0.0022549079169735735	0.0007130644931582345
4.18	0.0	0.0	-0.5269458267201949	0.0012040114882071126	0.0003807418631743436
4.19	0.0	0.0	-0.5286468652397411	0.0014811364110347226	0.0004683764584277073
4.2	0.0	0.0	-0.529832881133507	0.0010707670744220694	0.00033860627986887626
4.21	0.0	0.0	-0.5325675231163223	0.000972994891917612	0.0003076880010169011
4.22	0.0	0.0	-0.5332102813119014	0.0015657243865320799	0.0004951255249511236
4.23	0.0	0.0	-0.5358359111957478	0.0015261387444997518	0.0004826074458048983
4.24	0.0	0.0	-0.5378945283740274	0.0010454966638863672	0.00033061507439884275
4.25	0.0	0.0	-0.5390152414125764	0.0017768711890687012	0.0005618960066188779
4.26	0.0	0.0	-0.5413978734564224	0.0012708497761070826	0.00040187798564134136
4.27	0.0	0.0	-0.5436844808732464	0.0009822964048502934	0.0003106293976721797
4.28	0.0	0.0	-0.5456147159334652	0.0011304991989797217	0.00035749523617718213
4.29	0.0	0.0	-0.546858471751346	0.0010813550547356145	0.00034195449323005885
4.3	0.0	0.0	-0.5461258195990533	0.0009404444106755936	0.00029739463505096465
4.31	0.0	0.0	-0.545922797775383	0.0018029778892049112	0.000570151670081023
4.32	0.0	0.0	-0.5463770227613703	0.001105953808671926	0.00034973330223413656
4.33	0.0	0.0	-0.5461480579442142	0.0009689429293780443	0.0003064066579550297
4.34	0.0	0.0	-0.5467142276121311	0.0012815636290216344	0.00040526600341394306
4.35	0.0	0.0	-0.5473453144419359	0.001002960620251714	0.0003171639963450616
4.36	0.0	0.0	-0.5489950925040825	0.0013709166136873544	0.00043352189814172047
4.37	0.0	0.0	-0.5498520357559752	0.0010794046704672468	0.00034133772756999854
4.38	0.0	0.0	-0.5516691081454348	0.0012665732829201502	0.0004005256397544515
4.39	0.0	0.0	-0.5533096270559447	0.0010859486082837881	0.0003434071024066765
4.4	0.0	0.0	-0.5551937784017621	0.0010659994911818957	0.0003370986376715368
4.41	0.0	0.0	-0.556786744771396	0.0012965945828089208	0.000410019208351199
4.42	0.0	0.0	-0.5581241362249567	0.0007182661692698052	0.00022713570611366244
4.43	0.0	0.0	-0.5597516459206963	0.001199872255215756	0.00037943292277246366
4.44	0.0	0.0	-0.5614407150004261	0.0009109688074448827	0.00028807363088931824
4.45	0.0	0.0	-0.5640019593486424	0.0016226015762731971	0.0005131116716002729
4.46	0.0	0.0	-0.5664973424297568	0.001073244794638883	0.00033938980379785396
4.47	0.0	0.0	-0.5671645804330174	0.0013013365820585868	0.00041151876018037436
4.48	0.0	0.0	-0.570834665019529	0.001185167707541452	0.0003747829365111305
4.49	0.0	0.0	-0.5728826467200328	0.0009708639873471181	0.00030701414982497874
4.5	0.0	0.0	-0.57441577039598	0.0013677350548336425	0.0004325158008929601
4.51	0.0	0.0	-0.5781384750358333	0.0010433905761666926	0.00032994907098421455
4.52	0.0	0.0	-0.5800433869410625	0.0013687465050054653	0.0004328356495212329
4.53	0.0	0.0	-0.5825666816458692	0.0012109913994804212	0.00038294910492329775
4.54	0.0	0.0	-0.5847265538614976	0.0010609552682510476	0.00033550351432282377
4.55	0.0	0.0	-0.5878580054619565	0.001487003225640676	0.0004702317081041829
4.56	0.0	0.0	-0.5915626429982609	0.0014854970665504179	0.00046975541877980465
4.57	0.0	0.0	-0.5930909172421706	0.001265739153172771	0.00040026186476786957
4.58	0.0	0.0	-0.5981265841744592	0.0014400354321379989	0.0004553791876900912
4.59	0.0	0.0	-0.6000648383424178	0.0011846895870511118	0.00037463174153658333
4.6	0.0	0.0	-0.6031630900792326	0.0009236986401198914	0.0002920991574379044
4.61	0.0	0.0	-0.6072241761867577	0.0010518309264865011	0.00033261814411024714
4.62	0.0	0.0	-0.6115142478649533	0.0008446840064826617	0.00026711253636016436
4.63	0.0	0.0	-0.6149368752199973	0.0011379434240715	0.0003598493068476816
4.64	0.0	0.0	-0.6190222236016149	0.0008713070028431057	0.00027553146702390195
4.65	0.0	0.0	-0.6234151311657716	0.0011210824686183128	0.00035451740457181083
4.66	0.0	0.0	-0.6274073226408926	0.0010692141847118935	0.0003381152130249568
4.67	0.0	0.0	-0.6326603469415881	0.000928091388518126	0.00029348826645055217
4.68	0.0	0.0	-0.6380691291884653	0.0013682223423919235	0.00043266989474892307
4.69	0.0	0.0	-0.6443124015624566	0.0008843337438810937	0.00027965088424082476
4.7	0.0	0.0	-0.6512213851931088	0.0017229904951911585	0.0005448574351625454
4.71	0.0	0.0	-0.6588262630129982	0.002297731362828408	0.0007266064557740518
4.72	0.0	0.0	-0.6661147394153819	0.00157576556734348	0.0004983008251272838
4.73	0.0	0.0	-0.6739499770250191	0.002377954414595829	0.0007519752122175166
4.74	0.0	0.0	-0.680144915177437	0.001807631734671744	0.0005716233452363872
4.75	0.0	0.0	-0.6851959397010564	0.0013929884509515356	0.0004405016259316597
4.76	0.0	0.0	-0.6906069607392841	0.0015938202948467045	0.0005040102312716712
4.77	0.0	0.0	-0.6935201871147245	0.0022554064019124106	0.000713222127936836
4.78	0.0	0.0	-0.6966054089428881	0.0011438202550011491	0.00036170772396382326
4.79	0.0	0.0	-0.7002702950243129	0.0017677257046981414	0.0005590039505272337
4.8	0.0	0.0	-0.7027393198931853	0.0015560058990606981	0.000492052269368986
4.81	0.0	0.0	-0.7053267323925597	0.0010630424007876695	0.00033616352358226077
4.82	0.0	0.0	-0.7055688417427111	0.0015056638267578728	0.0004761327083080054
4.83	0.0	0.0	-0.7067952680075156	0.0010418537180639615	0.00032946307377970305
4.84	0.0	0.0	-0.7096947248774644	0.0010638496862941111	0.00033641880967450057
4.85	0.0	0.0	-0.7116619460699876	0.0009622006986510034	0.0003042745773942475
4.86	0.0	0.0	-0.7141655965965816	0.0009306205856164814	0.00029428806879878137
4.87	0.0	0.0	-0.7172417179340723	0.0010985474512290698	0.0003473912063656599
4.88	0.0	0.0	-0.7205140011723377	0.001034492473026256	0.0003271352437063269
4.89	0.0	0.0	-0.7255582688166307	0.0010360428485763143	0.00032762551550300894
4.9	0.0	0.0	-0.7297376864331443	0.0007809336588884707	0.00024695290635765645
4.91	0.0	0.0	-0.7360870875637123	0.0014876608910939964	0.00047043968018127286
4.92	0.0	0.0	-0.7422931695733657	0.000605502963189954	0.0001914768493661348
4.93	0.0	0.0	-0.746250779414577	0.0009656476209520237	0.00030536458993313275
4.94	0.0	0.0	-0.7488282366133941	0.001568300443281772	0.0004959401456222114
4.95	0.0	0.0	-0.7520797242061976	0.0005986758927504526	0.00018931794013261167
4.96	0.0	0.0	-0.7560825333767597	0.0006265662406158086	0.00019813764253150568
4.97	0.0	0.0	-0.7597098746090307	0.0007029097140484255	0.00022227956858506792
4.98	0.0	0.0	-0.7652539418187967	0.0009036908215612066	0.00028577212967222126
4.99	0.0	0.0	-0.770035235656404	0.0010120504305511215	0.0003200384467495601
5.0	0.0	0.0	-0.7744360700744921	0.0008579866531870955	0.0002713192026096187
5.01	0.0	0.0	-0.7773175128184929	0.0008196843295872693	0.00025920694438439165
5.02	0.0	0.0	-0.7799922974492666	0.0008532755819115598	0.0002698294310646099
5.03	0.0	0.0	-0.7805086614072536	0.0008085958437951461	0.00025570045729383906
5.04	0.0	0.0	-0.7810585846057363	0.0011168581340918336	0.00035318155270159455
5.05	0.0	0.0	-0.7816386262991412	0.0004595651965516461	0.00014532727544461606
5.06	0.0	0.0	-0.7802085932986101	0.00041334615438587614	0.0001307115309930966
5.07	0.0	0.0	-0.7780484069767282	0.0007211831325117937	0.0002280581308832297
5.08	0.0	0.0	-0.7755162207441109	0.0008214507566326101	0.00025976553766277153
5.09	0.0	0.0	-0.7725895998962494	0.0006571045192530369	0.00020779469416295612
5.1	0.0	0.0	-0.7699018411391656	0.0005621124579499806	0.0001777555668277561
5.11	0.0	0.0	-0.767199492959063	0.0005871875503977438	0.00018568500729517797
5.12	0.0	0.0	-0.7636561696025219	0.0007025602935367403	0.0002221690721172573
5.13	0.0	0.0	-0.7586645263279049	0.0008651988913480752	0.00027359991257124667
5.14	0.0	0.0	-0.7545533587696467	0.0003934761445861602	0.00012442808218339976
5.15	0.0	0.0	-0.7492802668835818	0.0005778332880683974	0.00018272692981603328
5.16	0.0	0.0	-0.7445473979827572	0.0006147068036666239	0.00019438735927884747
5.17	0.0	0.0	-0.7410393779477367	0.000626951546568173	0.00019825948697205488
5.18	0.0	0.0	-0.7373975970322938	0.0008723052667360109	0.00027584714578465064
5.19	0.0	0.0	-0.7335409938999268	0.000562484587543267	0.00017787324453770982
5.2	0.0	0.0	-0.7290599146146797	0.000722538628821953	0.00022848677645323544
5.21	0.0	0.0	-0.7232896171091303	0.0011237993925545782	0.00035537657135861376
5.22	0.0	0.0	-0.7178538760268994	0.000864250582661841	0.0002733000310339045
5.23	0.0	0.0	-0.7131408865599508	0.0009509706724084222	0.00030072333128324555
5.24	0.0	0.0	-0.7079217395336945	0.0007772714938632905	0.0002457948280929587
5.25	0.0	0.0	-0.7043898092273764	0.000945837624645715	0.00029910011905638693
5.26	0.0	0.0	-0.7009422268067423	0.0008630139530406047	0.0002729089744113907
5.27	0.0	0.0	-0.6976479065592077	0.0009644275925981078	0.0003049787830922967
5.28	0.0	0.0	-0.6918452416895706	0.0010506123440328597	0.0003322327945032248
5.29	0.0	0.0	-0.6877452249967791	0.0012000019303151613	0.0003794739296394567
5.3	0.0	0.0	-0.6833333944852751	0.0015879151013348462	0.0005021428451195192
5.31	0.0	0.0	-0.6801444537517098	0.000771117350850563	0.00024384871719629575
5.32	0.0	0.0	-0.676047868411278	0.0008841610777404599	0.00027959628241290536
5.33	0.0	0.0	-0.6732358230713176	0.0008684556997509676	0.00027462980581683825
5.34	0.0	0.0	-0.6690472833098517	0.0010589363118749967	0.00033486506425833975
5.35	0.0	0.0	-0.664302547954869	0.0010662632610572422	0.00033718204902996016
5.36	0.0	0.0	-0.6607173085064069	0.001014338944009457	0.00032076213824798906
5.37	0.0	0.0	-0.6570069984416382	0.0009543100100632892	0.00030177932256982004
5.38	0.0	0.0	-0.6541531663796715	0.0008869046262529472	0.00028046386862996803
5.39	0.0	0.0	-0.6505537396880108	0.0006754310811310862	0.000213590061884421
5.4	0.0	0.0	-0.6464219716565169	0.0011153494533061084	0.0003527044659470921
5.41	0.0	0.0	-0.6430949470563919	0.0014109304861451225	0.00044617539563872316
5.42	0.0	0.0	-0.6392117684511087	0.0007219055184756379	0.00022828656938277806
5.43	0.0	0.0	-0.6358310453489822	0.001253484100933875	0.00039638647697594386
5.44	0.0	0.0	-0.6329152280477157	0.0013053314689071408	0.00041278205432398264
5.45	0.0	0.0	-0.6308763180888747	0.0008144784750544271	0.00025756070863526233
5.46	0.0	0.0	-0.6279313162071508	0.002077825865606567	0.0006570662316527672
5.47	0.0	0.0	-0.625237376701967	0.001205485178742291	0.0003812078850400832
5.48	0.0	0.0	-0.6213936836303751	0.0010142047048626638	0.0003207196881024866
5.49	0.0	0.0	-0.6186019306269939	0.0011010321697322203	0.0003481769433470919
5.5	0.0	0.0	-0.6162883940348219	0.0015627598429880914	0.0004941880539689486
5.51	0.0	0.0	-0.6144197003995895	0.0009284897318833691	0.0002936142336830506
5.52	0.0	0.0	-0.6110572683573475	0.0011801252827890727	0.00037318838179637755
5.53	0.0	0.0	-0.6089590838572494	0.0014642549970100092	0.0004630380865834669
5.54	0.0	0.0	-0.6060499275320669	0.0010163035997738598	0.0003213834169513582
5.55	0.0	0.0	-0.6035466668183201	0.0012195166410567254	0.0003856450230217263
5.56	0.0	0.0	-0.6000288030834173	0.0006546966396001861	0.00020703325575949772
5.57	0.0	0.0	-0.5986548536155235	0.0010627912288962832	0.00033608409605616145
5.58	0.0	0.0	-0.596581939191602	0.0016000931296474153	0.0005059938758072927
5.59	0.0	0.0	-0.5954828026014818	0.0012070372428421273	0.0003816986908030894
5.6	0.0	0.0	-0.5929085393024989	0.0011680850984861681	0.00036938094121183903
5.61	0.0	0.0	-0.5903876531690011	0.0009663311820694411	0.00030558075093822963
5.62	0.0	0.0	-0.5878555557967765	0.0011134947333327632	0.00035211795199333436
5.63	0.0	0.0	-0.58578969954613	0.0014034767530478282	0.00044381831827288
5.64	0.0	0.0	-0.5834811471928136	0.0012104020901154591	0.00038276274893932297
5.65	0.0	0.0	-0.5814111274787024	0.0013591173437496158	0.0004297906413686798
5.66	0.0	0.0	-0.5783045378488001	0.001122177225488622	0.0003548635970912403
5.67	0.0	0.0	-0.5762181004352577	0.0010984636064423525	0.0003473646923160642
5.68	0.0	0.0	-0.5745545016036132	0.0015163914750697094	0.00047952508856827176
5.69	0.0	0.0	-0.5704625911900446	0.0014827257957482915	0.0004688790660050205
5.7	0.0	0.0	-0.5685609249476818	0.0010911071751616667	0.0003450383844863165
5.71	0.0	0.0	-0.5653280239841381	0.0011835864109051518	0.0003742828866084233
5.72	0.0	0.0	-0.5637320447818934	0.0009662063193745591	0.00030554126588716823
5.73	0.0	0.0	-0.5616654236237129	0.0013279278054412781	0.0004199276433463376
5.74	0.0	0.0	-0.5590976822205601	0.0007046501259180541	0.00022282993514254979
5.75	0.0	0.0	-0.5573806378452245	0.000938908945551297	0.00029690907834491154
5.76	0.0	0.0	-0.5556184435696289	0.0009568616508681754	0.0003025862222412266
5.77	0.0	0.0	-0.5538102038748637	0.0007497656455050379	0.00023709671511423056
5.78	0.0	0.0	-0.5511530831993252	0.0012692494022348176	0.0004013719029869233
5.79	0.0	0.0	-0.5496254565232437	0.000725509261854326	0.0002294261731007186
5.8	0.0	0.0	-0.5476549936318653	0.0010892287226598343	0.00034444436564809336
5.81	0.0	0.0	-0.5455150259068193	0.0010899028958897396	0.0003446575579424946
5.82	0.0	0.0	-0.543882914162055	0.0008629893895110411	0.00027290120674131133
5.83	0.0	0.0	-0.5426548382349953	0.0010850128792122692	0.0003431111988927931
5.84	0.0	0.0	-0.5408270193719351	0.000997262314685643	0.0003153620339058217
5.85	0.0	0.0	-0.5393502405146636	0.0009424037689786971	0.0002980142385499816
5.86	0.0	0.0	-0.537636560045498	0.0013262364571838897	0.0004193927920653471
5.87	0.0	0.0	-0.5357971475266545	0.0011378853246144642	0.00035983093418617644
5.88	0.0	0.0	-0.5350688144472182	0.0009757882318838173	0.00030857133267413975
5.89	0.0	0.0	-0.5332828569083128	0.0007468028872250471	0.00023615980868210118
5.9	0.0	0.0	-0.532345093043329	0.0005693595488378132	0.0001800472981893364
5.91	0.0	0.0	-0.5303726989037371	0.0008443911560894721	0.0002670199289345488
5.92	0.0	0.0	-0.5286298450856757	0.0011471947610381494	0.0003627748364693142
5.93	0.0	0.0	-0.527486535583879	0.0007376613176816204	0.0002332689905674958
5.94	0.0	0.0	-0.5259490804375929	0.0007298010820021157	0.0002307833657982002
5.95	0.0	0.0	-0.5248205869484357	0.000565710508874242	0.0001788933704335501
5.96	0.0	0.0	-0.5236147015471818	0.0008065682571624549	0.0002550592781025775
5.97	0.0	0.0	-0.5219301352070088	0.0006072948058247156	0.00019204347975957918
5.98	0.0	0.0	-0.5205328401661857	0.0010648022989393077	0.0003367200522431705
5.99	0.0	0.0	-0.5196805928885296	0.000779323030200796	0.0002464435808458704
6.0	0.0	0.0	-0.5191266423372779	0.0009844225571170194	0.0003113017460536981
6.01	0.0	0.0	-0.517138349820548	0.0007074629514790292	0.000223719428685892
6.02	0.0	0.0	-0.5155774141949496	0.0013398169999340708	0.0004236873367605331
6.03	0.0	0.0	-0.514696383006265	0.0006852715160400729	0.00021670188063232395
6.04	0.0	0.0	-0.5132264075799384	0.0007439509732521395	0.00023525795429757643
6.05	0.0	0.0	-0.512653956655814	0.0005542147362730376	0.00017525808794523366
6.06	0.0	0.0	-0.5111458514556746	0.0006921996745107337	0.00021889275670811166
6.07	0.0	0.0	-0.5102387375308866	0.0010557040863205117	0.00033384294479198243
6.08	0.0	0.0	-0.508768198808436	0.0009636538398020151	0.00030473410097413907
6.09	0.0	0.0	-0.5079045206226774	0.0008440908731092294	0.0002669249711185338
6.1	0.0	0.0	-0.5063914856485167	0.0010529582466614314	0.000332974634050751
6.11	0.0	0.0	-0.5058220325013538	0.0009319659084400958	0.00029471349722986443
6.12	0.0	0.0	-0.5050804521576169	0.0007605869519139997	0.00024051871266532026
6.13	0.0	0.0	-0.5035390089959655	0.0010357057145611828	0.00032751890436655566
6.14	0.0	0.0	-0.5030868449253119	0.0007194899576538421	0.0002275227019804238
6.15	0.0	0.0	-0.5016888981370424	0.0009881676753557415	0.00031248605642779804
6.16	0.0	0.0	-0.5002930438950164	0.0009933996624842945	0.0003141405560292892
6.17	0.0	0.0	-0.5001585141537722	0.0008219413287170441	0.0002599206701771023
6.18	0.0	0.0	-0.4991774863338783	0.0008105195161645498	0.0002563087759097639
6.19	0.0	0.0	-0.4980982957964907	0.0008490024266784265	0.00026847814073139306
6.2	0.0	0.0	-0.49733122375723926	0.0008389534270985646	0.00026530036804354914
6.21	0.0	0.0	-0.4965581699995526	0.0012626635369812898	0.00039928926953051227
6.22	0.0	0.0	-0.49523531077433364	0.001009784592347091	0.0003193219257961439
6.23	0.0	0.0	-0.49465101712925563	0.0007584593117586019	0.00023984589377209106
6.24	0.0	0.0	-0.4935156469968458	0.0010319123358090907	0.0003263193326781258
6.25	0.0	0.0	-0.49394073100456726	0.0010920537572723492	0.00034533772003252913
6.26	0.0	0.0	-0.49242473660949215	0.0008050500773997763	0.00025457918750781375
6.27	0.0	0.0	-0.49190597071951175	0.0013839525627111213	0.0004376442271794157
6.28	0.0	0.0	-0.49089125404185097	0.0012655910380462991	0.0004002150266523121
6.29	0.0	0.0	-0.4900596991420148	0.0013377905908247422	0.0004230465299348539
6.3	0.0	0.0	-0.49015760394890384	0.0009280862354980323	0.0002934866369225197
6.31	0.0	0.0	-0.4890016102589988	0.0011682237344801823	0.0003694247817625157
6.32	0.0	0.0	-0.48893303779101693	0.0008651018927260186	0.00027356923891368705
6.33	0.0	0.0	-0.4883696627573129	0.000915660522688239	0.000289557281519512
6.34	0.0	0.0	-0.4876587067475889	0.0016709512438270264	0.0005284011789584772
6.35	0.0	0.0	-0.48711073629568036	0.0005028421776846635	0.00015901265850826302
6.36	0.0	0.0	-0.4865303313991743	0.0007491461364870146	0.00023690080916143378
6.37	0.0	0.0	-0.4862089965697125	0.0009116542245239297	0.0002882903788010151
6.38	0.0	0.0	-0.485482391912214	0.0011106450802168728	0.00035121681255457344
6.39	0.0	0.0	-0.48568732388831864	0.0010060864871987711	0.0003181524822665954
6.4	0.0	0.0	-0.4856382046516793	0.001048596083039173	0.0003315951967934843
6.41	0.0	0.0	-0.4848823074879636	0.0011747276162394065	0.0003714814897616728
6.42	0.0	0.0	-0.4851453004759675	0.0010979685454148066	0.0003472081402732813
6.43	0.0	0.0	-0.4846493948518746	0.0007213035827061643	0.0002280962205791118
6.44	0.0	0.0	-0.48521091390497934	0.0007326504513423911	0.00023168441549923236
6.45	0.0	0.0	-0.4853237654961842	0.0006064198939486479	0.0001917668083315487
6.46	0.0	0.0	-0.48577462084887246	0.0007813585310421621	0.000247087262729661
6.47	0.0	0.0	-0.4857234415698862	0.0006442238661571206	0.00020372147400959665
6.48	0.0	0.0	-0.48618649657647833	0.0006986655126668171	0.00022093743426363635
6.49	0.0	0.0	-0.48650758389639154	0.0009640206113067909	0.0003048500843077329
6.5	0.0	0.0	-0.48695933067571173	0.0011945527559039549	0.00037775074938876474
6.51	0.0	0.0	-0.4869560106746288	0.0009640920982738828	0.00030487269047163574
6.52	0.0	0.0	-0.4863484702743503	0.0008652208491156234	0.0002736068562270252
6.53	0.0	0.0	-0.4879788078890342	0.0006790169710198607	0.0002147240198331305
6.54	0.0	0.0	-0.4881963490624356	0.0013299632871469718	0.0004205713191788972
6.55	0.0	0.0	-0.48648209503530515	0.000687881963821189	0.0002175273767024499
6.56	0.0	0.0	-0.48548660855676706	0.0014732559171337014	0.00046588442744627804
6.57	0.0	0.0	-0.4831351386805391	0.000896217256898053	0.00028340878101460983
6.58	0.0	0.0	-0.4811012288688807	0.0010386258337476975	0.00032844232713341007
6.59	0.0	0.0	-0.479428161377216	0.0012179464090073225	0.00038514847204861556
6.6	0.0	0.0	-0.4766028770615556	0.0012342444616572892	0.00039030236882853936
6.61	0.0	0.0	-0.47597769474366125	0.0006876959380223251	0.00021746855017965367
6.62	0.0	0.0	-0.47481026571339724	0.0008358799763919891	0.00026432845759264594
6.63	0.0	0.0	-0.4729595374749726	0.0013038082114999316	0.00041230035803703225
6.64	0.0	0.0	-0.47224649930716583	0.0010980364046315745	0.0003472295992418035
6.65	0.0	0.0	-0.4715245873341905	0.0010310235761796928	0.00032603828220599535
6.66	0.0	0.0	-0.47058830882113717	0.0011465442260423853	0.0003625691192408879
6.67	0.0	0.0	-0.46846609946374895	0.0011725327741940197	0.0003707874197649003
6.68	0.0	0.0	-0.4676837107663265	0.0013425108222442127	0.00042453919817171556
6.69	0.0	0.0	-0.46632718282806884	0.0016277759677347826	0.0005147479578526667
6.7	0.0	0.0	-0.464538554802339	0.0011852610372675568	0.0003748124499619196
6.71	0.0	0.0	-0.4635111833504443	0.0010293064348646395	0.00032549527444400086
6.72	0.0	0.0	-0.4620838492846063	0.0011623102289257741	0.000367554767111717
6.73	0.0	0.0	-0.4614612536986458	0.0007145198312214887	0.00022595101000189946
6.74	0.0	0.0	-0.4599432025898372	0.0009587670302417728	0.0003031887561039539
6.75	0.0	0.0	-0.45989371557394076	0.0010949840770641559	0.0003462643685140071
6.76	0.0	0.0	-0.45854511278503624	0.0010527670510823044	0.0003329141726998914
6.77	0.0	0.0	-0.4577291066707126	0.0010730647932482	0.0003393328823601984
6.78	0.0	0.0	-0.4570822607316102	0.0009912968740814743	0.0003134755959502593
6.79	0.0	0.0	-0.4559865786369703	0.0013227455539634291	0.0004182888715385599
6.8	0.0	0.0	-0.454602374533728	0.0012119970627915895	0.00038326712358555354
6.81	0.0	0.0	-0.4533909224697704	0.001415638832229891	0.00044766430540274364
6.82	0.0	0.0	-0.45337562750661364	0.0009808732504463429	0.0003101793567343214
6.83	0.0	0.0	-0.45167452542060654	0.0008994576467565603	0.0002844334822605892
6.84	0.0	0.0	-0.45024077338647517	0.001100826724550891	0.00034811197587636123
6.85	0.0	0.0	-0.4499046855778216	0.0010909242151424085	0.0003449805274481561
6.86	0.0	0.0	-0.44910675672879374	0.0007615678407947537	0.00024082889696479183
6.87	0.0	0.0	-0.44766071432174553	0.0015370794067510417	0.0004860671869873684
6.88	0.0	0.0	-0.4469144468753091	0.0013457319929134019	0.00042555782177639223
6.89	0.0	0.0	-0.4459495628615929	0.000892337490712092	0.0002821818912209557
6.9	0.0	0.0	-0.445509119942251	0.0013761520370236598	0.00043517748436751276
6.91	0.0	0.0	-0.44502607600413296	0.0015656929691581216	0.0004951155899051427
6.92	0.0	0.0	-0.4440893133672502	0.0016006595752950687	0.0005061730016490202
6.93	0.0	0.0	-0.4429970662423724	0.0013138013644117754	0.0004154604704578093
6.94	0.0	0.0	-0.44207581805225227	0.0007062284355494251	0.0002233290404713611
6.95	0.0	0.0	-0.44148137957260036	0.0015779309666547245	0.0004989855845140131
6.96	0.0	0.0	-0.44018632171403305	0.0020038404066378304	0.0006336699752453531
6.97	0.0	0.0	-0.4394254590253837	0.00127244511158421	0.00040238247501532076
6.98	0.0	0.0	-0.4392187502771396	0.0015195053231870828	0.0004805097738021445
6.99	0.0	0.0	-0.4383621136861689	0.0017902078157399463	0.0005661134182773262
7.0	0.0	0.0	-0.43726667185727636	0.0010491466586583446	0.0003317693040915583
7.01	0.0	0.0	-0.4363038479477262	0.001647097189260858	0.000520857864572574
7.02	0.0	0.0	-0.4358986387548553	0.001661084804859034	0.0005252811370050875
7.03	0.0	0.0	-0.43432921503740324	0.001403429642343872	0.00044380342056021246
7.04	0.0	0.0	-0.4332817489681672	0.0014077342387944748	0.0004451646534793906
7.05	0.0	0.0	-0.43224121448895214	0.0012133304339879479	0.0003836887725802492
7.06	0.0	0.0	-0.4316994027675139	0.0013179884327418408	0.00041678453772198577
7.07	0.0	0.0	-0.4320500851957633	0.0018154231247884752	0.0005740871991271666
7.08	0.0	0.0	-0.430565489805441	0.001562932217064538	0.0004942425634380625
7.09	0.0	0.0	-0.4291936614322175	0.0014164251807915035	0.00044791297065169294
7.1	0.0	0.0	-0.42958487290583436	0.002020059025590612	0.0006387987528846696
7.11	0.0	0.0	-0.4280145634224658	0.0010593502391806702	0.00033499595956550625
7.12	0.0	0.0	-0.42824605646462793	0.001655585871042781	0.0005235422214488994
7.13	0.0	0.0	-0.42683200849226866	0.0015215293885781295	0.0004811498394790272
7.14	0.0	0.0	-0.42616806229066534	0.0015720804640921885	0.0004971354931585866
7.15	0.0	0.0	-0.4252053576571888	0.0016566083370373095	0.0005238655535861772
7.16	0.0	0.0	-0.4241887807206492	0.001273313266187717	0.000402657009606145
7.17	0.0	0.0	-0.42321106945624365	0.0015993967960067892	0.0005057736757757152
7.18	0.0	0.0	-0.42438825815190057	0.0018639096856044304	0.0005894199959358357
7.19	0.0	0.0	-0.42340595570748885	0.0014816801589531761	0.0004685484066172362
7.2	0.0	0.0	-0.42205903857369875	0.0014087463750299628	0.00044548471906004366
7.21	0.0	0.0	-0.42034270287307907	0.001325703621786593	0.0004192242947180053
7.22	0.0	0.0	-0.4204738469110204	0.0012606122231429272	0.00039864058713800745
7.23	0.0	0.0	-0.42039943938394775	0.0010199732051181997	0.0003225438480515623
7.24	0.0	0.0	-0.4199298673776486	0.0016005288296468193	0.0005061316562447578
7.25	0.0	0.0	-0.4186396343714627	0.001727289361079597	0.0005462168559188523
7.26	0.0	0.0	-0.41788411125645697	0.0019152004087382266	0.0006056395467298242
7.27	0.0	0.0	-0.41702715881374913	0.0015085871916212916	0.0004770571574480164
7.28	0.0	0.0	-0.41722730699834754	0.0015758683373822114	0.0004983333238670454
7.29	0.0	0.0	-0.4160805647619682	0.0008441810482807283	0.0002669534870115671
7.3	0.0	0.0	-0.41517134867170613	0.0014156482590167822	0.00044766728641450296
7.31	0.0	0.0	-0.4137847529858602	0.0013755595277997145	0.0004349901164992802
7.32	0.0	0.0	-0.4139096900522684	0.0016772187840375138	0.0005303831491976604
7.33	0.0	0.0	-0.4127897277236661	0.0013484368683261885	0.0004264131784855316
7.34	0.0	0.0	-0.41300931790824913	0.001584489000667779	0.0005010594169594238
7.35	0.0	0.0	-0.41137969484329345	0.0020334941630069767	0.0006430473163759759
7.36	0.0	0.0	-0.4115982926482123	0.001468363534178146	0.00046433732011374394
7.37	0.0	0.0	-0.4111426497620627	0.0025389896137694703	0.0008028990135022738
7.38	0.0	0.0	-0.410026047502123	0.001708953398314959	0.0005404185153760229
7.39	0.0	0.0	-0.40953078989494357	0.0015299531260936003	0.00048381365917505675
7.4	0.0	0.0	-0.4094279140983703	0.0012661081075514952	0.00040037853838681566
7.41	0.0	0.0	-0.4092875277105571	0.0010671328415464496	0.00033745703452543404
7.42	0.0	0.0	-0.40723762914777184	0.0009252103858585724	0.00029257721341563296
7.43	0.0	0.0	-0.40660748844182226	0.0012569866389823179	0.00039749407675839193
7.44	0.0	0.0	-0.40700986917296456	0.001586210059509237	0.0005016036635520415
7.45	0.0	0.0	-0.40584148167700346	0.0012408386080967346	0.00039238762102587304
7.46	0.0	0.0	-0.4043606538669202	0.0010828191654868968	0.0003424174857021381
7.47	0.0	0.0	-0.40408763968058903	0.0016615620596311617	0.0005254320582154982
7.48	0.0	0.0	-0.4032400618245259	0.0017713520090749753	0.000560150688659217
7.49	0.0	0.0	-0.4033051122300231	0.0012064226472654571	0.00038150433861687517
7.5	0.0	0.0	-0.40131405310347523	0.0017435210568250536	0.000551349768803103
7.51	0.0	0.0	-0.40109670976492817	0.00162550591023093	0.0005140301026394936
7.52	0.0	0.0	-0.40152875328632326	0.001293743482406062	0.0004091176112401132
7.53	0.0	0.0	-0.4003284831577246	0.0015997098017303387	0.0005058726568764237
7.54	0.0	0.0	-0.40021605360939105	0.0012747561631180735	0.0004031132936790242
7.55	0.0	0.0	-0.399171396317706	0.0010255970904990623	0.0003243222767618872
7.56	0.0	0.0	-0.398927382281395	0.0014403094875500887	0.0004554658516208212
7.57	0.0	0.0	-0.3995222419826962	0.001075143205231455	0.0003399901339385257
7.58	0.0	0.0	-0.39845199081495913	0.0025322434296533606	0.0008007656827700981
7.59	0.0	0.0	-0.39739492663726766	0.0008887834620467577	0.00028105800867575726
7.6	0.0	0.0	-0.3956785850023591	0.0014223986650201222	0.0004498019522246458
7.61	0.0	0.0	-0.3970272823964836	0.0014856855559551765	0.0004698150243631893
7.62	0.0	0.0	-0.395703941081087	0.001390473121835732	0.000439706209024572
7.63	0.0	0.0	-0.39492384545987086	0.002252417169740979	0.0007122768497251586
7.64	0.0	0.0	-0.3941918436990432	0.0012835007686514696	0.00040587858075154856
7.65	0.0	0.0	-0.3935316401684098	0.0018753640398733319	0.0005930421807974559
7.66	0.0	0.0	-0.39293423226974983	0.0020552292934235797	0.0006499205681117029
7.67	0.0	0.0	-0.3922482936964888	0.0013156702095142687	0.0004160514511696023
7.68	0.0	0.0	-0.39250594414560314	0.0021879517375579436	0.0006918910901206073
7.69	0.0	0.0	-0.3917122151609124	0.0014086285421519413	0.00044544745703226356
7.7	0.0	0.0	-0.39063110723047023	0.0012480673591030377	0.00039467355280768825
7.71	0.0	0.0	-0.39017120607927624	0.001629659485000364	0.0005153435783098156
7.72	0.0	0.0	-0.38925943923180206	0.0021482974943782753	0.0006793513173868124
7.73	0.0	0.0	-0.38892625607889264	0.00165230004554613	0.0005225031521925722
7.74	0.0	0.0	-0.3876035588263737	0.0015481378107529	0.0004895641613805878
7.75	0.0	0.0	-0.38779708147803094	0.0017376244892898373	0.0005494851104242742
7.76	0.0	0.0	-0.38740213361289694	0.0010270403824473784	0.0003247786857504133
7.77	0.0	0.0	-0.3863727899447273	0.0018383930162337787	0.0005813509165845642
7.78	0.0	0.0	-0.3867001901655308	0.0010205205232947494	0.00032271692525583296
7.79	0.0	0.0	-0.38640814152404723	0.0023727381862902464	0.0007503256959934083
7.8	0.0	0.0	-0.38483794246098374	0.0019151332642362707	0.0006056183137739704
7.81	0.0	0.0	-0.3855054501456013	0.0016797147390689388	0.0005311724394813263
7.82	0.0	0.0	-0.38372066236148294	0.001518004573242631	0.0004800351949998606
7.83	0.0	0.0	-0.3834552890034719	0.001628145145838322	0.0005148647022196113
7.84	0.0	0.0	-0.3832505300987512	0.0011061986363565019	0.00034981072354588904
7.85	0.0	0.0	-0.3840260485683852	0.0016507629640035613	0.00052201708433018
7.86	0.0	0.0	-0.38327703078791825	0.0013224136585551452	0.00041818391699504704
7.87	0.0	0.0	-0.38160658272012915	0.0015839016766925882	0.0005008736888108211
7.88	0.0	0.0	-0.38214688872916824	0.001506275257885414	0.0004763260598075409
7.89	0.0	0.0	-0.38179643946311603	0.0014842774733858704	0.0004693697495579304
7.9	0.0	0.0	-0.38144083297318093	0.0014578398837746802	0.0004610094496563138
7.91	0.0	0.0	-0.3805186305789581	0.0013480197597309116	0.0004262812771662608
7.92	0.0	0.0	-0.37981770807237175	0.001667574337863963	0.0005273333075297287
7.93	0.0	0.0	-0.3802557191107922	0.0015499934490672091	0.000490150965739257
7.94	0.0	0.0	-0.37781330342927694	0.0014555925354434087	0.00046029877571405407
7.95	0.0	0.0	-0.37908955483908124	0.0010035422263178666	0.0003173479163320629
7.96	0.0	0.0	-0.37772146644644994	0.001660165989452944	0.0005249905820618378
7.97	0.0	0.0	-0.3766955861594217	0.0014123392636295271	0.00044662089019543126
7.98	0.0	0.0	-0.37618949601019985	0.0013090921821385664	0.0004139712962677863
7.99	0.0	0.0	-0.37569030315354457	0.0019054828021490254	0.0006025665697070907
8.0	0.0	0.0	-0.3746693267898408	0.0016831976824175118	0.0005322738428756088
8.01	0.0	0.0	-0.375939148531499	0.001814292963259166	0.000573729810671515
8.02	0.0	0.0	-0.3743971176647293	0.0012406998891046738	0.00039234375422890955
8.03	0.0	0.0	-0.3743678864907608	0.0013729927383599357	0.00043417842640890327
8.04	0.0	0.0	-0.37498294015966577	0.0013646433409077187	0.00043153811510500206
8.05	0.0	0.0	-0.37310133641231996	0.001299411867002497	0.00041091011183796815
8.06	0.0	0.0	-0.37276529297882977	0.001371842327082699	0.0004338146344207022
8.07	0.0	0.0	-0.3715856445978664	0.0013393041989750222	0.0004235251748588418
8.08	0.0	0.0	-0.37203271381843067	0.0014105263591677214	0.0004460475994674725
8.09	0.0	0.0	-0.37121791362086726	0.001718572317723038	0.0005434602847719357
8.1	0.0	0.0	-0.3717025374365964	0.0013799559148999347	0.00043638037617052804
8.11	0.0	0.0	-0.37084150187037607	0.0016789347935773637	0.0005309257990609107
8.12	0.0	0.0	-0.3701544233924319	0.0010967492397624353	0.0003468225619707403
8.13	0.0	0.0	-0.3692503638300947	0.0018527854373099498	0.0005859021997490555
8.14	0.0	0.0	-0.36986206773678576	0.001200938919721235	0.0003797702317061208
8.15	0.0	0.0	-0.3696168061067553	0.001019448743543895	0.0003223779987395582
8.16	0.0	0.0	-0.36799933705144006	0.0011579453609295869	0.0003661744746563243
8.17	0.0	0.0	-0.3683815597082575	0.0020090151271554423	0.0006353063655543991
8.18	0.0	0.0	-0.36734649504150696	0.000984338072108855	0.00031127502954830436
8.19	0.0	0.0	-0.3666330438405002	0.0016140221509689096	0.0005103986191025897
8.2	0.0	0.0	-0.3662207457542033	0.0013422748096384987	0.0004244645644326588
8.21	0.0	0.0	-0.36699584993129897	0.001520025547690164	0.0004806742832345811
8.22	0.0	0.0	-0.3655320425601704	0.0012485502916852386	0.0003948262694992944
8.23	0.0	0.0	-0.36510763398876145	0.0017375343799241269	0.0005494566153408584
8.24	0.0	0.0	-0.3649266102306422	0.0010539058522066828	0.00033327429323539104
8.25	0.0	0.0	-0.36499039018509893	0.0010843492465408592	0.00034290133981565733
8.26	0.0	0.0	-0.36370614733247575	0.001265368514535918	0.00040014465853973805
8.27	0.0	0.0	-0.36360756743683875	0.0015001703674181075	0.00047439552393328707
8.28	0.0	0.0	-0.3629062667453504	0.0013391647008390265	0.0004234810616749324
8.29	0.0	0.0	-0.3626000435159068	0.0018560819102674422	0.0005869446360281383
8.3	0.0	0.0	-0.3617500187700078	0.0020025606680341085	0.0006332652863656127
8.31	0.0	0.0	-0.3622841469784445	0.001359810028131649	0.0004300096874033649
8.32	0.0	0.0	-0.3599890333892355	0.0014928845640747772	0.0004720915506183877
8.33	0.0	0.0	-0.3610509057375923	0.0010861242418551572	0.0003434626426185881
8.34	0.0	0.0	-0.36032042163121325	0.001575413829397712	0.0004981895958224703
8.35	0.0	0.0	-0.35974103030652027	0.0022356554553958487	0.0007069763302431857
8.36	0.0	0.0	-0.3600113305402256	0.0013036645618839293	0.0004122549320398747
8.37	0.0	0.0	-0.3592401416667931	0.001251232744847966	0.00039567453567038846
8.38	0.0	0.0	-0.35892930033389836	0.0012876019805908487	0.0004071754978411
8.39	0.0	0.0	-0.3584393856182566	0.0008685468965028995	0.0002746586447619696
8.4	0.0	0.0	-0.35770960146382913	0.0013446373821435805	0.0004252116754579937
8.41	0.0	0.0	-0.3578968539250302	0.0021374028405124765	0.0006759061253333042
8.42	0.0	0.0	-0.3572558321456139	0.0007029455353543067	0.00022229089627660257
8.43	0.0	0.0	-0.357076516183651	0.0015780372515241693	0.000499019194740839
8.44	0.0	0.0	-0.35634351246589063	0.0016368671999506335	0.0005176228579066255
8.45	0.0	0.0	-0.355566293695354	0.0013780569503138045	0.000435779870841711
8.46	0.0	0.0	-0.35535368314277693	0.0011674696706681482	0.000369186325847802
8.47	0.0	0.0	-0.35506731916715856	0.0014683114374656116	0.00046432084568672236
8.48	0.0	0.0	-0.35458671518002455	0.0017785171633122117	0.0005624165093768244
8.49	0.0	0.0	-0.3542375161725353	0.0014679375903442846	0.0004642026248467133
8.5	0.0	0.0	-0.3546725264855238	0.0014418176292848083	0.0004559427679124283
8.51	0.0	0.0	-0.35421186365434776	0.0010183253750971756	0.00032202275844523835
8.52	0.0	0.0	-0.35357516944629	0.0016261119444558913	0.0005142217474885829
8.53	0.0	0.0	-0.35305053652968627	0.0018839163393580978	0.0005957466553578304
8.54	0.0	0.0	-0.3526547303737095	0.0010964538086063182	0.0003467291384362296
8.55	0.0	0.0	-0.35161430708970104	0.002296409923947841	0.0007261885801089225
8.56	0.0	0.0	-0.3522803820583028	0.0017336099738818076	0.0005482156091851527
8.57	0.0	0.0	-0.3519789418253748	0.00211650424077005	0.0006692974078238766
8.58	0.0	0.0	-0.35182777297120443	0.0023905777349531535	0.0007559670566138282
8.59	0.0	0.0	-0.3512043642373567	0.0010946611138119666	0.00034616223856626175
8.6	0.0	0.0	-0.35036266218413503	0.0013268430641929947	0.0004195846180446866
8.61	0.0	0.0	-0.3501870873467325	0.0010837829574179899	0.0003427222634714127
8.62	0.0	0.0	-0.34933878787355044	0.0009395223839391574	0.00029710306459589363
8.63	0.0	0.0	-0.349776920280084	0.0017870338302996708	0.0005651097159521779
8.64	0.0	0.0	-0.3485516409684726	0.0017033587270165972	0.0005386493249697434
8.65	0.0	0.0	-0.3489011305965938	0.0014028368269009511	0.0004436159558570373
8.66	0.0	0.0	-0.3484346573037203	0.0012764154777168764	0.0004036380150277228
8.67	0.0	0.0	-0.3478771764168004	0.0011660183284306238	0.0003687273711343038
8.68	0.0	0.0	-0.3472678049099328	0.0018507684211501354	0.0005852643632348176
8.69	0.0	0.0	-0.3476150240992596	0.0007265127679753807	0.00022974350959956394
8.7	0.0	0.0	-0.3472489111886303	0.0015765005721983941	0.0004985332540705648
8.71	0.0	0.0	-0.3464936668194058	0.0016947860617795279	0.0005359384101930148
8.72	0.0	0.0	-0.34570811924531253	0.002292346930663939	0.0007249037488194127
8.73	0.0	0.0	-0.34592840804828534	0.001455460700554204	0.0004602570858615578
8.74	0.0	0.0	-0.34481500826574063	0.0018338127712808957	0.0005799025159553042
8.75	0.0	0.0	-0.34461995226362396	0.0020335779763145053	0.0006430738204709781
8.76	0.0	0.0	-0.3447927720704643	0.0017891049696132507	0.000565764667710421
8.77	0.0	0.0	-0.34497878590881675	0.0012354374874973344	0.0003906796367247372
8.78	0.0	0.0	-0.34439510114546773	0.0016678512995367124	0.0005274208905007746
8.79	0.0	0.0	-0.3430690785510323	0.0017596397513344655	0.0005564469475589222
8.8	0.0	0.0	-0.34288699807548245	0.00161109372922138	0.0005094725708354134
8.81	0.0	0.0	-0.3420305647571803	0.0010789578556670847	0.00034119643232392003
8.82	0.0	0.0	-0.34224292205243784	0.0024058339092804977	0.0007607914825393276
8.83	0.0	0.0	-0.3425228072923855	0.0010884639674525176	0.00034420252881733383
8.84	0.0	0.0	-0.342086040022766	0.0012240413460708635	0.00038707586038023235
8.85	0.0	0.0	-0.34209094865796	0.0012611586920104531	0.00039881339576718295
8.86	0.0	0.0	-0.34077799432935113	0.0021837897174569	0.0006905749438019372
8.87	0.0	0.0	-0.34139206430841595	0.0015062562103655929	0.0004763200364528997
8.88	0.0	0.0	-0.3398321518117187	0.0013615811137892343	0.0004305697538642875
8.89	0.0	0.0	-0.33947694683815743	0.0019926095611586016	0.0006301184700689763
8.9	0.0	0.0	-0.3397238107697723	0.0010973678928211106	0.00034701819724542463
8.91	0.0	0.0	-0.33935540033209066	0.0011078097986585275	0.00035032021780134916
8.92	0.0	0.0	-0.3385454797323398	0.0019415095850303641	0.0006139592387744301
8.93	0.0	0.0	-0.3385408319437707	0.0019979097716710447	0.0006317945437987452
8.94	0.0	0.0	-0.3384993602232983	0.0013071189771839842	0.00041334731407310547
8.95	0.0	0.0	-0.3379703705580556	0.00102839267881118	0.00032520631940853096
8.96	0.0	0.0	-0.33722981314517375	0.001438271063010334	0.00045482124518242065
8.97	0.0	0.0	-0.33734875123265673	0.0025989759781271634	0.000821868367494579
8.98	0.0	0.0	-0.33743748605034607	0.00141694318931319	0.00044807677932928356
8.99	0.0	0.0	-0.3369236084304789	0.0012746983552027068	0.0004030950132110897
9.0	0.0	0.0	-0.33670357826602276	0.0012975869654919762	0.00041033302731009535
9.01	0.0	0.0	-0.3354252838457234	0.0010734292026184178	0.00033944811872125793
9.02	0.0	0.0	-0.3352793841078401	0.0015474234169281158	0.00048933825021732
9.03	0.0	0.0	-0.33519445637324724	0.0013596308648195642	0.0004299530309894321
9.04	0.0	0.0	-0.3345750323576862	0.0019624798034083126	0.000620590604084974
9.05	0.0	0.0	-0.3349367487292193	0.0018520599942900072	0.0005856727945234866
9.06	0.0	0.0	-0.33384043584814244	0.0018011642567228082	0.000569578149132832
9.07	0.0	0.0	-0.33392551688289596	0.0015586993656988444	0.0004929040183068078
9.08	0.0	0.0	-0.3335698899799683	0.0017124642859231416	0.0005415287555210947
9.09	0.0	0.0	-0.33353082265134987	0.0024221804748032066	0.0007659607204366218
9.1	0.0	0.0	-0.33242366856374495	0.001489636569257586	0.0004710644444733131
9.11	0.0	0.0	-0.331696824847889	0.001836219269997315	0.0005806635176683198
9.12	0.0	0.0	-0.3313729928132655	0.0018278511615911197	0.000578017289441242
9.13	0.0	0.0	-0.33143031812529805	0.0008176164144664387	0.00025855301220541893
9.14	0.0	0.0	-0.3321798772678926	0.0015760823931384952	0.000498401014240658
9.15	0.0	0.0	-0.3307939757347669	0.0014147114116697943	0.0004473710292708662
9.16	0.0	0.0	-0.3326271984541078	0.0014814257542613597	0.0004684679567898789
9.17	0.0	0.0	-0.3319409981679326	0.0011326026610170043	0.0003581604092781332
9.18	0.0	0.0	-0.3301835290026025	0.0009954469403625338	0.00031478796213914057
9.19	0.0	0.0	-0.329544969199418	0.0011050125357781313	0.00034943564560971965
9.2	0.0	0.0	-0.3301225343708619	0.0007096579841462299	0.00022441355896257487
9.21	0.0	0.0	-0.33017591740918195	0.0015918736762978642	0.0005033946564366846
9.22	0.0	0.0	-0.32854497474461014	0.0019683876548260795	0.0006224588307407738
9.23	0.0	0.0	-0.3292589514017027	0.0008181243701015238	0.0002587136418811376
9.24	0.0	0.0	-0.3293617143511959	0.0023668884961168596	0.0007484758615379876
9.25	0.0	0.0	-0.32884389389439467	0.00178635743273784	0.0005648958202622609
9.26	0.0	0.0	-0.3287707378821433	0.0012777650300601203	0.0004040647809503496
9.27	0.0	0.0	-0.32853946979022136	0.0018668498394503919	0.0005903497542182899
9.28	0.0	0.0	-0.3280668753268715	0.0012475832348045237	0.0003945204592622947
9.29	0.0	0.0	-0.32782366899166	0.0014696594811629033	0.00046474713453361
9.3	0.0	0.0	-0.32751194640919296	0.0027550602090525085	0.0008712265351505572
9.31	0.0	0.0	-0.3267793875301076	0.0012860796382363963	0.0004066940909192387
9.32	0.0	0.0	-0.3278424064813446	0.0015082874584734073	0.0004769623735042598
9.33	0.0	0.0	-0.3256669318990532	0.0010721317354171502	0.00033903782356672094
9.34	0.0	0.0	-0.3260563851972137	0.0019490168221188032	0.0006163332355878659
9.35	0.0	0.0	-0.325432026749015	0.001639244306126408	0.0005183745648821756
9.36	0.0	0.0	-0.3253012098238728	0.0014546715078006844	0.00046000752120015564
9.37	0.0	0.0	-0.32479151860002975	0.002058489943745734	0.0006509516762788399
9.38	0.0	0.0	-0.3253777312585541	0.0014607249383444914	0.0004619217840177618
9.39	0.0	0.0	-0.32487393351358684	0.0015669021338606771	0.0004954979613577782
9.4	0.0	0.0	-0.32414802464637293	0.001404285806849546	0.0004440741635491847
9.41	0.0	0.0	-0.3244908934958525	0.002407359701647623	0.0007612739804509892
9.42	0.0	0.0	-0.3226124060541459	0.0018620342252093198	0.0005888269232848368
9.43	0.0	0.0	-0.322582662417943	0.00217364476680276	0.0006873668287202273
9.44	0.0	0.0	-0.3227053375536756	0.0012515415897725749	0.00039577220101094315
9.45	0.0	0.0	-0.3229705230204577	0.0018159247661243398	0.0005742458320461488
9.46	0.0	0.0	-0.3212522542511468	0.0019426317851446498	0.0006143141096095944
9.47	0.0	0.0	-0.32243412327886006	0.0021686946175007663	0.0006858014540650081
9.48	0.0	0.0	-0.3215870932305914	0.0015802181038908395	0.0004997088408127637
9.49	0.0	0.0	-0.3209407060234431	0.0018753051951283775	0.0005930235724552172
9.5	0.0	0.0	-0.3205609036454723	0.0016126053228418123	0.000509950578709128
9.51	0.0	0.0	-0.32105739891787805	0.002289429586409388	0.000723981203563094
9.52	0.0	0.0	-0.3208353494524053	0.002149575531384387	0.0006797554681741419
9.53	0.0	0.0	-0.3203286296138562	0.002145017105621065	0.0006783139673784531
9.54	0.0	0.0	-0.3195006391868017	0.0021177732826975558	0.0006696987141175934
9.55	0.0	0.0	-0.31968284260639857	0.0018013893531517366	0.0005696493308736904
9.56	0.0	0.0	-0.3193976301535803	0.0020034929725638337	0.000633560106944295
9.57	0.0	0.0	-0.3188179563395054	0.0010024580107964502	0.00031700505727984464
9.58	0.0	0.0	-0.3188356107372829	0.0019181685786311866	0.0006065781644642334
9.59	0.0	0.0	-0.3184234437329222	0.0018164732360280217	0.0005744192734585176
9.6	0.0	0.0	-0.31765172283435567	0.0008810192635658297	0.00027860275353522204
9.61	0.0	0.0	-0.31778729066857797	0.0019366830024696421	0.0006124329393537571
9.62	0.0	0.0	-0.31789670535314163	0.0017292818840688462	0.0005468469470124797
9.63	0.0	0.0	-0.31801772992329114	0.0016020756976851884	0.0005066208188688541
9.64	0.0	0.0	-0.31760683875484863	0.0011831257759092188	0.00037413722103271023
9.65	0.0	0.0	-0.316650235380351	0.0024392239704215534	0.0007713503469811293
9.66	0.0	0.0	-0.31676691527345285	0.0013921449344527221	0.0004402348825936416
9.67	0.0	0.0	-0.3177278110071623	0.0023922181441182262	0.0007564857995394526
9.68	0.0	0.0	-0.3165674766923334	0.0021977451349730025	0.0006949880343068864
9.69	0.0	0.0	-0.31592830875876293	0.0020358666475035216	0.0006437975618482279
9.7	0.0	0.0	-0.3164312265923042	0.0020442078659329045	0.0006464352867180101
9.71	0.0	0.0	-0.3162540883450318	0.0016168825368509466	0.0005113031525400125
9.72	0.0	0.0	-0.31600658897476563	0.002502521026601216	0.0007913666336522665
9.73	0.0	0.0	-0.3153721113449256	0.0011157814476335313	0.000352841074548185
9.74	0.0	0.0	-0.31491719338053104	0.0013538415351496145	0.0004281222842011689
9.75	0.0	0.0	-0.3146209342858741	0.0014375123988080785	0.0004545813344965844
9.76	0.0	0.0	-0.3138709574654727	0.001056489351543451	0.0003340912674591632
9.77	0.0	0.0	-0.31439744119694774	0.0017865486535772678	0.000564956289601129
9.78	0.0	0.0	-0.31453460784761195	0.0018633155633171444	0.0005892321179721865
9.79	0.0	0.0	-0.31440497570993337	0.001157217229219308	0.0003659442191922168
9.8	0.0	0.0	-0.31314628860670185	0.0018283962424589593	0.0005781896591463775
9.81	0.0	0.0	-0.31349672079865487	0.0018194133086747422	0.0005753490060635173
9.82	0.0	0.0	-0.3131985100715347	0.0009551585774287904	0.0003020476631321273
9.83	0.0	0.0	-0.312216716621225	0.002272675531242268	0.0007186831061258728
9.84	0.0	0.0	-0.3127161984279583	0.0011187224388455235	0.00035377109762902846
9.85	0.0	0.0	-0.31236567065539383	0.0019420150671883947	0.0006141190862680254
9.86	0.0	0.0	-0.3116810246031202	0.0013340699077040242	0.0004218699466235327
9.87	0.0	0.0	-0.3123344179322629	0.00202817098943646	0.0006413639810896515
9.88	0.0	0.0	-0.3107993705867361	0.0014706317882002898	0.00046505460501592517
9.89	0.0	0.0	-0.3102034569269304	0.0018690542371185327	0.0005910468459682988
9.9	0.0	0.0	-0.3103171628864421	0.0021870662835171395	0.0006916110849673733
9.91	0.0	0.0	-0.31041182843632714	0.0017712735219725597	0.000560125868858159
9.92	0.0	0.0	-0.3095882495050314	0.0015649575624533145	0.0004948830338857678
9.93	0.0	0.0	-0.3108655518961564	0.001889904272164745	0.0005976402059723353
9.94	0.0	0.0	-0.30936114931907793	0.001138958540176111	0.0003601703147456905
9.95	0.0	0.0	-0.30856016890724647	0.0019373237158170705	0.0006126355507042715
9.96	0.0	0.0	-0.3082241416701471	0.0014799801685192579	0.00046801082244006824
9.97	0.0	0.0	-0.30889318916993924	0.001663675514388351	0.0005261003912919419
9.98	0.0	0.0	-0.3089978103771061	0.0020572001612290474	0.0006505438112349404
9.99	0.0	0.0	-0.3079476207923902	0.0014958674298340194	0.000473034815593761
10.0	0.0	0.0	-0.3079380764579326	0.0016106607184469865	0.0005093356408055657
