0.0	0.0	0.0	0.90565927531709	0.0002668243675344329	8.437727366426941e-5
0.01	0.0	0.0	0.9046701841042539	0.0004981653972913285	0.00015753373069232732
0.02	0.0	0.0	0.9035420124355455	0.000493278612413495	0.0001559883936274052
0.03	0.0	0.0	0.9022280985133465	0.0004502767028061542	0.00014238999581781778
0.04	0.0	0.0	0.9010903879390856	0.0004762370147974764	0.00015059936728393375
0.05	0.0	0.0	0.9001976386217102	0.00039544320267289663	0.00012505012056779376
0.06	0.0	0.0	0.8988049857716304	0.0002932907764952885	9.27466870444488e-5
0.07	0.0	0.0	0.8979066663595228	0.00042014489164975496	0.00013286148048978843
0.08	0.0	0.0	0.8968314838373891	0.000555502437596636	0.00017566529485809213
0.09	0.0	0.0	0.8957405592292973	0.00048034690069838224	0.0001518990273209613
0.1	0.0	0.0	0.8945810755982277	0.00034214085788613946	0.0001081944391524183
0.11	0.0	0.0	0.893411766308841	0.0004448058460955647	0.00014065995902202985
0.12	0.0	0.0	0.8924307718510059	0.00039205220360436833	0.00012397779250778788
0.13	0.0	0.0	0.8913111202939443	0.0005528710468445267	0.0001748331760390352
0.14	0.0	0.0	0.8900869528160726	0.000546862757433339	0.0001729331881009527
0.15	0.0	0.0	0.8890053916872163	0.00043200590410004614	0.0001366122619596419
0.16	0.0	0.0	0.88753860604762	0.0005804161256526208	0.00018354369477527658
0.17	0.0	0.0	0.8866613900779197	0.0002925175531195307	9.25021723437009e-5
0.18	0.0	0.0	0.8855211722718266	0.0003771539434672807	0.00011926654898709896
0.19	0.0	0.0	0.884481533871335	0.0005514854376816681	0.000174395007948892
0.2	0.0	0.0	0.8832042464099971	0.00045417712136881143	0.0001436234164664175
0.21	0.0	0.0	0.8820555950948903	0.0004953637205490427	0.00015664776271501297
0.22	0.0	0.0	0.8807798401248943	0.0005984498487040706	0.0001892464587288029
0.23	0.0	0.0	0.8794797062301954	0.0004860055174400327	0.0001536884390519189
0.24	0.0	0.0	0.878636787653749	0.0004976717816587823	0.00015737763572357626
0.25	0.0	0.0	0.8775621793812893	0.0006632946131195574	0.00020975217371780043
0.26	0.0	0.0	0.8762704393575371	0.0005040586957219434	0.00015939735528951122
0.27	0.0	0.0	0.8749677687734894	0.0005068443640672666	0.00016027826096721659
0.28	0.0	0.0	0.8740428862857937	0.0006520043842217292	0.00020618188985562145
0.29	0.0	0.0	0.8729533179580777	0.00030854089077708745	9.756919661528356e-5
0.3	0.0	0.0	0.871635666274658	0.00038331136301745106	0.00012121369601587774
0.31	0.0	0.0	0.8705362330491317	0.0004526849780305945	0.00014315155931199627
0.32	0.0	0.0	0.869424938494595	0.0003558088749662711	0.0001125166456595483
0.33	0.0	0.0	0.8682658735421109	0.0005846619667948008	0.00018488634763453053
0.34	0.0	0.0	0.8672365922758978	0.0004492966842602073	0.00014208008674237795
0.35	0.0	0.0	0.8660556933310659	0.00038150661775567673	0.00012064298545351736
0.36	0.0	0.0	0.8647431696790988	0.00038541404273264646	0.00012187862172486289
0.37	0.0	0.0	0.8634910911082583	0.0005599615758356303	0.00017707539818176952
0.38	0.0	0.0	0.8627424872295535	0.00030597243799711265	9.675698053055239e-5
0.39	0.0	0.0	0.8611992303942861	0.0004237304732744325	0.00013399534095683122
0.4	0.0	0.0	0.8600098441855535	0.00045814749964697224	0.00014487896031956208
0.41	0.0	0.0	0.858944875929524	0.0003795981763705162	0.00012003948329771398
0.42	0.0	0.0	0.8576253844975753	0.0003551178828786722	0.0001122981347753516
0.43	0.0	0.0	0.8567986689410605	0.0002382405249542179	7.533826898095105e-5
0.44	0.0	0.0	0.8554545343982948	0.00031741644963643865	0.00010037589476552713
0.45	0.0	0.0	0.8543792956480601	0.000523957892110706	0.00016569003370905992
0.46	0.0	0.0	0.853103893658773	0.0003344763145370706	0.00010577069773160304
0.47	0.0	0.0	0.8519867904802062	0.00036686726489537034	0.00011601361560257047
0.48	0.0	0.0	0.8506937633350121	0.00043744797315778714	0.0001383331953002807
0.49	0.0	0.0	0.8495749105002002	0.0003667638112504933	0.0001159809006875647
0.5	0.0	0.0	0.8481466684961407	0.00020813331391395673	6.581753289269178e-5
0.51	0.0	0.0	0.8471047414405195	0.00040379767548063823	0.0001276920368400343
0.52	0.0	0.0	0.8461603718515474	0.0003076805055860695	9.729711892841398e-5
0.53	0.0	0.0	0.844944089326592	0.00031666647782765446	0.0001001387328558597
0.54	0.0	0.0	0.8436621015850978	0.0004887813116409538	0.00015456622225099866
0.55	0.0	0.0	0.8425785340877082	0.00036589859256593303	0.00011570729451583018
0.56	0.0	0.0	0.841205622542929	0.0003793169666404769	0.00011995055697300144
0.57	0.0	0.0	0.8400664467049671	0.00040109416954183836	0.00012683711319659438
0.58	0.0	0.0	0.8387817944075472	0.0005671449991080374	0.0001793469960755562
0.59	0.0	0.0	0.8376493618408251	0.0004955646520280176	0.00015671130282773167
0.6	0.0	0.0	0.83647144749755	0.000425503582773248	0.0001345560474125449
0.61	0.0	0.0	0.8353010296350771	0.00040103522210119914	0.00012681847237912863
0.62	0.0	0.0	0.8343527209580698	0.0004214932146840498	0.00013328785767079251
0.63	0.0	0.0	0.8328763713686828	0.00041160262555631417	0.00013016017876633825
0.64	0.0	0.0	0.8319508869639124	0.0004679248845795721	0.00014797084091428483
0.65	0.0	0.0	0.830457121192189	0.0004008351786000141	0.0001267552130696427
0.66	0.0	0.0	0.8294843361395199	0.0004354428090970433	0.00013769910674885444
0.67	0.0	0.0	0.8283289141690713	0.00029418298705391255	9.302882879621912e-5
0.68	0.0	0.0	0.8269354632583008	0.0005068690066910227	0.00016028605364907579
0.69	0.0	0.0	0.8260223456674479	0.0005404161284869367	0.00017089458503089246
0.7	0.0	0.0	0.8247410097266517	0.0003609048858471165	0.00011412814579599556
0.71	0.0	0.0	0.8235339849035	0.0003268863187832554	0.00010337053033029678
0.72	0.0	0.0	0.82222512001422	0.000385994541968527	0.00012206219170139987
0.73	0.0	0.0	0.8210438349419011	0.00058236673091709	0.00018416053032044037
0.74	0.0	0.0	0.8199469529109475	0.00034820419979944274	0.00011011183622025846
0.75	0.0	0.0	0.8187240680078174	0.00047172769536538747	0.00014917339527366794
0.76	0.0	0.0	0.8173062913351645	0.00031830473675954264	0.00010065679581804783
0.77	0.0	0.0	0.8161238412640843	0.0002720531995214012	8.603077552238579e-5
0.78	0.0	0.0	0.8150430311829722	0.0003338068368920416	0.0001055589903115173
0.79	0.0	0.0	0.8140575663806444	0.00033188775762261883	0.00010495212416133853
0.8	0.0	0.0	0.81290044524995	0.000525524069135985	0.00016618530237095082
0.81	0.0	0.0	0.8118617169028173	0.0006499085895400709	0.00020551914138541068
0.82	0.0	0.0	0.8104083223172145	0.00040130355279070735	0.00012690332599362555
0.83	0.0	0.0	0.8090608742829298	0.0005686065083882066	0.00017980916589023697
0.84	0.0	0.0	0.8081625413349656	0.00047006815449477025	0.00014864860237153902
0.85	0.0	0.0	0.8067098583235316	0.00033535140254962553	0.0001060474248588814
0.86	0.0	0.0	0.8054766286469937	0.00038604899432113476	0.00012207941104721938
0.87	0.0	0.0	0.8042956838989097	0.0004319545885597812	0.00013659603456098198
0.88	0.0	0.0	0.8030909076109772	0.0003656654832548143	0.00011563357887913738
0.89	0.0	0.0	0.8018650666162481	0.0004317280766065926	0.00013652440519204903
0.9	0.0	0.0	0.800682720493578	0.0005167607821226275	0.0001634141076957524
0.91	0.0	0.0	0.7996599091644144	0.00037145990417437544	0.00011746593566189143
0.92	0.0	0.0	0.7985199225403076	0.00041310551564655837	0.00013063543434214503
0.93	0.0	0.0	0.7970052878640251	0.0003532893737407828	0.00011171990941553546
0.94	0.0	0.0	0.7959563304380447	0.0006027959669130938	0.0001906208219808874
0.95	0.0	0.0	0.7945825246839149	0.0004970281804119229	0.00015717411113907624
0.96	0.0	0.0	0.79363320503993	0.00033015107015434684	0.00010440293536297743
0.97	0.0	0.0	0.792240121774197	0.00039970230312302596	0.00012639696638837948
0.98	0.0	0.0	0.7909199629035656	0.00048063055582626377	0.0001519887269483705
0.99	0.0	0.0	0.7896826162166539	0.0003328279977213312	0.00010524945418727378
1.0	0.0	0.0	0.7882729954448895	0.00034803928390135763	0.00011005968523422635
1.01	0.0	0.0	0.7875126640544666	0.0003318778055650131	0.00010494897704439458
1.02	0.0	0.0	0.7858556416804319	0.0004860206088490547	0.00015369321137447998
1.03	0.0	0.0	0.7847862531324938	0.0003574765180143559	0.00011304400069515767
1.04	0.0	0.0	0.7832615180916924	0.0004615926491285231	0.00014596841224370695
1.05	0.0	0.0	0.7823856810906493	0.0004353953893050527	0.00013768411129396827
1.06	0.0	0.0	0.7812847883845191	0.0005828437307656994	0.00018431137091695646
1.07	0.0	0.0	0.7802006939082807	0.00041779421049916024	0.00013211812984091796
1.08	0.0	0.0	0.7784896808301808	0.00019872540664809925	6.284249139511609e-5
1.09	0.0	0.0	0.7778198202396189	0.0004019519310564329	0.00012710836120412983
1.1	0.0	0.0	0.7761248466566875	0.0004453815642835352	0.00014084201709846703
1.11	0.0	0.0	0.7751381427911188	0.00045351945400397097	0.0001434154437848518
1.12	0.0	0.0	0.7739250207903512	0.0002924990319282877	9.249631542877017e-5
1.13	0.0	0.0	0.7727515317327748	0.0003497981109852084	0.00011061587519376238
1.14	0.0	0.0	0.7715424497208359	0.0002631323286630811	8.32097484599345e-5
1.15	0.0	0.0	0.7700720023202804	0.00028752987614640864	9.09249303968769e-5
1.16	0.0	0.0	0.7688312574871533	0.00042493235024550804	0.00013437540782642153
1.17	0.0	0.0	0.7678171029960412	0.0003598740644527003	0.00011380217144927695
1.18	0.0	0.0	0.7664906051852418	0.0004756920544521674	0.0001504270356913689
1.19	0.0	0.0	0.7655296429079593	0.00044355341794734287	0.00014026390646662107
1.2	0.0	0.0	0.7639251639277633	0.00046553495862816896	0.00014721507996972693
1.21	0.0	0.0	0.7628280637830189	0.0004458536601738543	0.00014099130692720837
1.22	0.0	0.0	0.7616165052397721	0.0002169852025702275	6.861674586749408e-5
1.23	0.0	0.0	0.7604908275922693	0.0003104718409352013	9.817981667007375e-5
1.24	0.0	0.0	0.7593928418280701	0.00036595760714701266	0.00011572595656496741
1.25	0.0	0.0	0.7579201939022471	0.00033415841241955243	0.00010567016825516824
1.26	0.0	0.0	0.7564647563051341	0.0004600875649871611	0.0001454924628480167
1.27	0.0	0.0	0.7554554873457056	0.00039519968084378846	0.00012497311220379856
1.28	0.0	0.0	0.7544547340539246	0.0003617631229364436	0.00011439954419346625
1.29	0.0	0.0	0.7527457280698503	0.00034034961414736305	0.00010762799814651339
1.3	0.0	0.0	0.7515865932910081	0.0004919637208522289	0.0001555725884064316
1.31	0.0	0.0	0.7504048550452389	0.0005440190293916462	0.00017203392233516876
1.32	0.0	0.0	0.7491593432236838	0.0005935520824700692	0.0001876976490541519
1.33	0.0	0.0	0.7481872843486493	0.00031580076054734795	9.98649690143062e-5
1.34	0.0	0.0	0.7470908247714162	0.00030674923354506977	9.700262485133469e-5
1.35	0.0	0.0	0.7453184970976774	0.0002970275534523379	9.392835967367973e-5
1.36	0.0	0.0	0.744477185391123	0.00025857006246175285	8.176703321111435e-5
1.37	0.0	0.0	0.7431080669418897	0.0005165868414962708	0.00016335910284006005
1.38	0.0	0.0	0.74183937056573	0.0005581957278348813	0.00017651698801336737
1.39	0.0	0.0	0.7407077679268177	0.0005307719331844044	0.00016784482269534257
1.4	0.0	0.0	0.7394920264054603	0.00034479541872840173	0.00010903388499732267
1.41	0.0	0.0	0.7382276397422686	0.00038065627457914517	0.00012037408333045512
1.42	0.0	0.0	0.7368330847427031	0.0005061517932514095	0.00016005925084530963
1.43	0.0	0.0	0.7355964237805661	0.00030149248791704124	9.534029592486445e-5
1.44	0.0	0.0	0.7346006715947431	0.00031114216033574277	9.839179027662473e-5
1.45	0.0	0.0	0.7332639350837067	0.0005004300546776981	0.0001582498782384125
1.46	0.0	0.0	0.7319546167229856	0.0004166939513644383	0.00013177019735270522
1.47	0.0	0.0	0.7308077620455842	0.00041867075960174603	0.00013239531900543274
1.48	0.0	0.0	0.7297105801711752	0.0005557973180627793	0.00017575854424914259
1.49	0.0	0.0	0.7285654564150452	0.0004440700332098964	0.00014042727455698857
1.5	0.0	0.0	0.7269509586378937	0.00026011825532056086	8.225661478021843e-5
1.51	0.0	0.0	0.7258910785088457	0.00037567531272721794	0.00011879896489140508
1.52	0.0	0.0	0.7246096100894991	0.0005124737243673094	0.000162058420999003
1.53	0.0	0.0	0.7232666985329208	0.00035922695537238573	0.00011359753759043987
1.54	0.0	0.0	0.7221156695735036	0.0004350034319603251	0.00013756016349847114
1.55	0.0	0.0	0.720809421776288	0.0005258167924904508	0.00016627786962339447
1.56	0.0	0.0	0.7196974300939867	0.00043479840473106514	0.00013749532819578965
1.57	0.0	0.0	0.7184581599398175	0.0003929101733112051	0.000124249106351491
1.58	0.0	0.0	0.7172203544965636	0.0003789083133150186	0.0001198213294448164
1.59	0.0	0.0	0.7158141905067212	0.00031672049664296773	0.0001001558151051491
1.6	0.0	0.0	0.7147677228728989	0.00035499154874752325	0.00011225818441528669
1.61	0.0	0.0	0.7135482954690726	0.0003499678296419555	0.0001106695449454369
1.62	0.0	0.0	0.7123202446037783	0.0003486908028952006	0.00011026571363016684
1.63	0.0	0.0	0.7108924013087881	0.0004768296620589626	0.00015078677880346953
1.64	0.0	0.0	0.7096952462823799	0.0001441390669987619	4.55807751527698e-5
1.65	0.0	0.0	0.7083897334090854	0.0002938607871288813	9.292694023371568e-5
1.66	0.0	0.0	0.7072687620820092	0.0007226155404770808	0.00022851109805411716
1.67	0.0	0.0	0.7061824104672716	0.00041765421128188673	0.00013207385820119546
1.68	0.0	0.0	0.7047975225580613	0.0005433379854834909	0.00017181855734153343
1.69	0.0	0.0	0.7032245853795898	0.0004295277859383382	0.00013582861218943925
1.7	0.0	0.0	0.7024044305521533	0.0005005956308301695	0.00015830223801521423
1.71	0.0	0.0	0.7010936839832163	0.00044637255604991466	0.00014115539621089028
1.72	0.0	0.0	0.6997685114338947	0.000374267986109244	0.00011835392913894716
1.73	0.0	0.0	0.6987096364604878	0.00039535982720558763	0.00012502375493002603
1.74	0.0	0.0	0.6976335395804334	0.00039584632189286256	0.00012517759805816205
1.75	0.0	0.0	0.6959515962039425	0.00020887379257549633	6.605169280561359e-5
1.76	0.0	0.0	0.6947042267392878	0.00040968906021043714	0.00012955505627188434
1.77	0.0	0.0	0.6934428394687173	0.00039318844933764976	0.00012433710495766964
1.78	0.0	0.0	0.6923781751944426	0.00044771966488416515	0.00014158138942812687
1.79	0.0	0.0	0.6909623331365267	0.00029259748277810955	9.252744832107178e-5
1.8	0.0	0.0	0.6901217634667478	0.00033489272773446453	0.00010590237914675486
1.81	0.0	0.0	0.6887062871402883	0.0005229602822109648	0.0001653745617591085
1.82	0.0	0.0	0.687306497220469	0.00042492304589413903	0.00013437246553217388
1.83	0.0	0.0	0.6861044393596609	0.0004227576245060806	0.00013368769916414307
1.84	0.0	0.0	0.6849413193055063	0.00047282418558676194	0.0001495201359268325
1.85	0.0	0.0	0.683473724399571	0.00041965725534352127	0.00013270727635003945
1.86	0.0	0.0	0.68220988963237	0.0005382307558691068	0.0001702035095300417
1.87	0.0	0.0	0.6811886759126092	0.0003293018338022182	0.0001041343832485235
1.88	0.0	0.0	0.6799360604432385	0.0003645011943159934	0.00011526539838901594
1.89	0.0	0.0	0.6785706156633735	0.00032502206384520625	0.00010278100115595164
1.9	0.0	0.0	0.677462541210202	0.0003878586985366617	0.00012265168976844672
1.91	0.0	0.0	0.6760683905469665	0.00039628383341495867	0.00012531595134940111
1.92	0.0	0.0	0.6749463229630214	0.0003855917867119339	0.0001219348293063559
1.93	0.0	0.0	0.6733632731302386	0.0004299787546577352	0.00013597122102011763
1.94	0.0	0.0	0.6725188144222034	0.00023515512928815263	7.43625812021932e-5
1.95	0.0	0.0	0.6708950070886821	0.00032808021518004367	0.00010374807352070868
1.96	0.0	0.0	0.6698757807051336	0.0004400786331454245	0.00013916508303132114
1.97	0.0	0.0	0.6686425050757376	0.0004891607782064443	0.0001546862201152818
1.98	0.0	0.0	0.6673795448266973	0.00035930148954523976	0.00011362110736541341
1.99	0.0	0.0	0.6663259659632486	0.0003575669458957996	0.00011307259650209226
2.0	0.0	0.0	0.6650381484535206	0.0004968562955424783	0.0001571197563707997
2.01	0.0	0.0	0.6635380680186317	0.0003060254004132727	9.677372871709753e-5
2.02	0.0	0.0	0.6624271760662636	0.0004955543581416941	0.00015670804761505595
2.03	0.0	0.0	0.6609981561528626	0.0003156273361067918	9.981012739089641e-5
2.04	0.0	0.0	0.6600146915551021	0.0006154214602956416	0.00019461335354811085
2.05	0.0	0.0	0.658786429744164	0.0004236371056761109	0.00013396581552979563
2.06	0.0	0.0	0.6574101768611134	0.000544668405057498	0.00017223927295128676
2.07	0.0	0.0	0.6560067775949973	0.0002250239680438288	7.115882671474431e-5
2.08	0.0	0.0	0.6549282737371237	0.0004673969070815804	0.00014780387976958773
2.09	0.0	0.0	0.653674110379364	0.0005342713610989074	0.00016895143896708282
2.1	0.0	0.0	0.6521787720720976	0.0002905334341929085	9.187473884802345e-5
2.11	0.0	0.0	0.6510414418398279	0.00038515750158452116	0.00012179749629069983
2.12	0.0	0.0	0.6499078464393604	0.00021505924508323024	6.800770463393753e-5
2.13	0.0	0.0	0.6486984832062276	0.00047022571141660093	0.00014869842624495004
2.14	0.0	0.0	0.6473046452422496	0.00033846985907527174	0.00010703356739940714
2.15	0.0	0.0	0.6464173101022611	0.0003753528830182633	0.0001186970036648449
2.16	0.0	0.0	0.6448666876594245	0.00042156475103706726	0.00013331047945189624
2.17	0.0	0.0	0.6439296319013069	0.0004508020703731997	0.0001425561316298823
2.18	0.0	0.0	0.6424209372721931	0.000308693837990288	9.761756277083247e-5
2.19	0.0	0.0	0.6409619965297706	0.0005646370771883556	0.00017855392152955058
2.2	0.0	0.0	0.639837859501031	0.00036620530382953335	0.00011580428513353071
2.21	0.0	0.0	0.6388211198277904	0.00024320881992080046	7.690938179914615e-5
2.22	0.0	0.0	0.6375926730081222	0.0003210968939779424	0.00010153975345759017
2.23	0.0	0.0	0.6360796035655334	0.00035510289408877696	0.00011229339490380774
2.24	0.0	0.0	0.6348635507596592	0.0004785344347115204	0.00015132587525095446
2.25	0.0	0.0	0.633786603548434	0.00036578859147274966	0.00011567250911587339
2.26	0.0	0.0	0.6326594556832552	0.00036149568829742105	0.00011431497393501264
2.27	0.0	0.0	0.6311794441985066	0.0003822250209584089	0.0001208701644934167
2.28	0.0	0.0	0.6300590539460199	0.0003935510497205693	0.00012445176926671714
2.29	0.0	0.0	0.628724782337508	0.0002759100371319328	8.72504146638539e-5
2.3	0.0	0.0	0.6274979532894223	0.00032504244194150173	0.00010278744527581882
2.31	0.0	0.0	0.6262588741274427	0.00047661361908130307	0.00015071846001528063
2.32	0.0	0.0	0.6250742724906327	0.00025602550717192544	8.09623741763059e-5
2.33	0.0	0.0	0.6238056922842319	0.0002476348779900102	7.830902425463316e-5
2.34	0.0	0.0	0.6224689752771304	0.00026695203455137455	8.441764551983091e-5
2.35	0.0	0.0	0.6210557606440419	0.0003664490535853677	0.00011588136557428536
2.36	0.0	0.0	0.6200195929571544	0.00023885618745763423	7.553295855902673e-5
2.37	0.0	0.0	0.6186164875232464	0.0005457883826604313	0.00017259344096665126
2.38	0.0	0.0	0.6176393059022984	0.000366439428488213	0.00011587832185131443
2.39	0.0	0.0	0.6162364598991216	0.0002853158400655897	9.022479071315884e-5
2.4	0.0	0.0	0.6153631307455241	0.0003575852295282615	0.00011307837829434037
2.41	0.0	0.0	0.6137005544692876	0.0003218845466007865	0.00010178883108690946
2.42	0.0	0.0	0.612558015220969	0.00044809699468066676	0.00014170071158672615
2.43	0.0	0.0	0.6115243368671528	0.0005944797155295297	0.00018799099238422847
2.44	0.0	0.0	0.6100594689991461	0.0002962597713327183	9.368556564920474e-5
2.45	0.0	0.0	0.6087818495103814	0.0005049452871901277	0.00015967772012886474
2.46	0.0	0.0	0.6076450086267886	0.00030416394042247333	9.618508338267732e-5
2.47	0.0	0.0	0.6064786504649206	0.0002590299828199696	8.191247279853888e-5
2.48	0.0	0.0	0.6053457190467357	0.00022846724693819222	7.224768710728177e-5
2.49	0.0	0.0	0.6041068854859681	0.00036521182033936604	0.0001154901180688605
2.5	0.0	0.0	0.6028292474981747	0.0005278266179902031	0.00016691343225126482
2.51	0.0	0.0	0.6015810799290519	0.00016811479982868283	5.3162567584192255e-5
2.52	0.0	0.0	0.600119585483274	0.00040156303750135105	0.00012698538226398794
2.53	0.0	0.0	0.5989587575068525	0.0004297790682711434	0.00013590807464018174
2.54	0.0	0.0	0.5976552958762046	0.0003936505361715713	0.00012448322964486643
2.55	0.0	0.0	0.5964847893367144	0.0002509760674749645	7.93656011412992e-5
2.56	0.0	0.0	0.5953346737940375	0.00035421708602847025	0.00011201327779977724
2.57	0.0	0.0	0.5938506676263577	0.00036186038908337634	0.00011443030244981986
2.58	0.0	0.0	0.5927627301207078	0.00035761666515241367	0.00011308831911153934
2.59	0.0	0.0	0.5913861926425228	0.0004464699851331311	0.00014118620599222088
2.6	0.0	0.0	0.590390148645227	0.00042424473469540195	0.00013415796469713306
2.61	0.0	0.0	0.5889404964293408	0.0003639389433624166	0.00011508759902602551
2.62	0.0	0.0	0.5877554228943221	0.00045838962386168244	0.00014495552671907845
2.63	0.0	0.0	0.5864041471754632	0.00037289466960044966	0.00011791964832733708
2.64	0.0	0.0	0.5852101984734218	0.0004370561769480246	0.00013820929846013362
2.65	0.0	0.0	0.5841609916790699	0.0004054368546701497	0.00012821039081323482
2.66	0.0	0.0	0.5827254203827754	0.0003101442579959872	9.807622584902086e-5
2.67	0.0	0.0	0.5814376896959517	0.0004215231656765523	0.0001332973290062416
2.68	0.0	0.0	0.5801974704738111	0.0003296041397329008	0.0001042299807776369
2.69	0.0	0.0	0.5791140647455985	0.00023078211467945852	7.297971256172686e-5
2.7	0.0	0.0	0.5778573825491959	0.0003757113401162541	0.00011881035775215541
2.71	0.0	0.0	0.5765372941865945	0.00044993701254521565	0.0001422825763254635
2.72	0.0	0.0	0.5755106083266448	0.00037398209129373995	0.00011826352126012452
2.73	0.0	0.0	0.5740541995606955	0.0003495389661109095	0.00011053392638908813
2.74	0.0	0.0	0.5728746190574936	0.00029321231442490847	9.272187515921546e-5
2.75	0.0	0.0	0.5717600533041034	0.0004142395109921933	0.00013099403515696864
2.76	0.0	0.0	0.5705522611107795	0.00037519360451991694	0.00011864663538113832
2.77	0.0	0.0	0.5693152405447297	0.0002616835568385472	8.275160658239401e-5
2.78	0.0	0.0	0.5678858552326622	0.0003594057551183793	0.0001136540790346798
2.79	0.0	0.0	0.5667242239129496	0.0005693932958673259	0.0001800579699370889
2.8	0.0	0.0	0.5653425019178875	0.00044597808333665234	0.00014103065298602075
2.81	0.0	0.0	0.5642898809786486	0.00021403423045711714	6.76835665485872e-5
2.82	0.0	0.0	0.5630133943403524	0.0002770105297871849	8.759842099774221e-5
2.83	0.0	0.0	0.561654707834002	0.0004459545142042252	0.00014102319977192635
2.84	0.0	0.0	0.5605470495085454	0.0004768730071196815	0.00015080048571518853
2.85	0.0	0.0	0.5592900922810198	0.00029274189058928917	9.25731140805965e-5
2.86	0.0	0.0	0.5578794684204373	0.00040773999798244143	0.00012893870867769746
2.87	0.0	0.0	0.5567619435761728	0.0005128901116787183	0.00016219009422828757
2.88	0.0	0.0	0.5555279126663273	0.000548577658428508	0.00017347548741159505
2.89	0.0	0.0	0.5543787862761145	0.00040534077295936635	0.00012818000710847872
2.9	0.0	0.0	0.5531570862567008	0.00035554256717078726	0.00011243243174030958
2.91	0.0	0.0	0.5518349718161011	0.0003969734893905132	0.0001255340397178709
2.92	0.0	0.0	0.5507053301189881	0.0002273964244881498	7.190906331610418e-5
2.93	0.0	0.0	0.5492784927592085	0.00035406256089830625	0.00011196441266307201
2.94	0.0	0.0	0.5481188865720297	0.00030500568893755795	9.645126763515052e-5
2.95	0.0	0.0	0.5469302183986019	0.0003806829797599195	0.00012038252825011246
2.96	0.0	0.0	0.545794252408742	0.0004474118094231124	0.00014148403698342206
2.97	0.0	0.0	0.5444617779416417	0.00028675338364056663	9.067938190642566e-5
2.98	0.0	0.0	0.5431409202141995	0.0001930893653161039	6.106021863552065e-5
2.99	0.0	0.0	0.5418939867402904	0.00024043965765077908	7.603369580075918e-5
3.0	0.0	0.0	0.5408583615924297	0.00035970993490551666	0.00011375026912923372
3.01	0.0	0.0	0.5396291654248438	0.0005076863547280488	0.0001605445217928828
3.02	0.0	0.0	0.538565373274183	0.0002995357988616609	9.472153651609192e-5
3.03	0.0	0.0	0.5369252415757253	0.00040236245655069647	0.00012723818076407374
3.04	0.0	0.0	0.5358671140270557	0.0003448181415928528	0.00010904107059798553
3.05	0.0	0.0	0.5345280642957515	0.0003268481055870906	0.00010335844625664121
3.06	0.0	0.0	0.5333522830490653	0.000549560783003192	0.00017378637869956362
3.07	0.0	0.0	0.5320473845955029	0.0004250877935727982	0.0001344245633225527
3.08	0.0	0.0	0.5310773333678861	0.00037209716860646586	0.00011766745636961337
3.09	0.0	0.0	0.5296519561904383	0.0002863220969346451	9.054299707489933e-5
3.1	0.0	0.0	0.5281604560891741	0.00038702927914438474	0.00012238940432693596
3.11	0.0	0.0	0.5272043351236583	0.00033124788717642424	0.0001047497793595982
3.12	0.0	0.0	0.5261175354685274	0.0004332442187986891	0.00013700385145041957
3.13	0.0	0.0	0.5247828134458266	0.00025737969931456537	8.139060733233047e-5
3.14	0.0	0.0	0.5235532190291667	0.00035311230168629567	0.00011166391431532098
3.15	0.0	0.0	0.522465207457844	0.00040271637836102134	0.00012735010066749743
3.16	0.0	0.0	0.5213991388135867	0.00033567257029244816	0.00010614898701671088
3.17	0.0	0.0	0.519716934620341	0.00039761087727008195	0.00012573559946311313
3.18	0.0	0.0	0.5185278638918145	0.0002994936783891784	9.470821685317522e-5
3.19	0.0	0.0	0.5174135353196944	0.0003645856789128138	0.00011529211476433128
3.2	0.0	0.0	0.5162300947730983	0.0003472630646974264	0.0001098142231694278
3.21	0.0	0.0	0.5150789660874919	0.00037262643784753794	0.00011783482599933902
3.22	0.0	0.0	0.513814698095973	0.0004205530164244735	0.0001329905408755538
3.23	0.0	0.0	0.5123925934107252	0.0003936067159341952	0.00012446937246909467
3.24	0.0	0.0	0.5111746897760437	0.0004791569410247196	0.00015152272903170883
3.25	0.0	0.0	0.5101758770833392	0.00038837050469432206	0.00012281353708631733
3.26	0.0	0.0	0.5088270105831547	0.0002592550725649408	8.198365242574443e-5
3.27	0.0	0.0	0.5075320840983462	0.00033684370383923714	0.00010651933196191933
3.28	0.0	0.0	0.5061565642696937	0.0002347574595706063	7.423682699580098e-5
3.29	0.0	0.0	0.5053152744206735	0.00034796457990503624	0.0001100360617563571
3.3	0.0	0.0	0.5040510853750695	0.00019007375528856132	6.010659901333288e-5
3.31	0.0	0.0	0.5026597987898367	0.00036230248527739325	0.00011457010554161838
3.32	0.0	0.0	0.5013167236786356	0.00039943727182164906	0.00012631315613202053
3.33	0.0	0.0	0.5003184088710806	0.0003504883571785513	0.00011083415020548484
3.34	0.0	0.0	0.49904040689216417	0.0002891211702667455	9.142814178162676e-5
3.35	0.0	0.0	0.4978472689302536	0.0002349803938731566	7.430732501226498e-5
3.36	0.0	0.0	0.49675132095407426	0.0004240303206689748	0.00013409016102855332
3.37	0.0	0.0	0.4953947017563919	0.00023502124949870666	7.43202446954619e-5
3.38	0.0	0.0	0.49420772862402107	0.00034804580107632307	0.0001100617461459064
3.39	0.0	0.0	0.49326043783324297	0.00031428825040804236	9.938667131187579e-5
3.4	0.0	0.0	0.49157681080743937	0.00021256836899738845	6.722002045388702e-5
3.41	0.0	0.0	0.49049124411470146	0.00031413607376096843	9.933854883073167e-5
3.42	0.0	0.0	0.48933255908966933	0.00023910835806139895	7.561270190571036e-5
3.43	0.0	0.0	0.48821652358922896	0.00039737821942220647	0.00012566202659163318
3.44	0.0	0.0	0.4866566322815168	0.0004448627341925341	0.00014067794861784744
3.45	0.0	0.0	0.48568906075070617	0.0003434330199841453	0.00010860305668600232
3.46	0.0	0.0	0.4846157221339592	0.0004061782935745216	0.00012844485438160232
3.47	0.0	0.0	0.4833748725771977	0.00042309783681969735	0.00013379528374404953
3.48	0.0	0.0	0.4820628428082663	0.00045228117993417326	0.0001430238671420431
3.49	0.0	0.0	0.4808747578284708	0.0003911776425132695	0.00012370123200770446
3.5	0.0	0.0	0.4795091342341384	0.00036281339149331137	0.00011473166827292228
3.51	0.0	0.0	0.4784183558272355	0.00031553919871470196	9.97822559002933e-5
3.52	0.0	0.0	0.47723701652968353	0.00041373336257059535	0.0001308339769723338
3.53	0.0	0.0	0.476001501544954	0.00037568250758584327	0.00011880124010547497
3.54	0.0	0.0	0.47465761440485466	0.0003581878020334068	0.00011326892845150562
3.55	0.0	0.0	0.4734572858853678	0.0002593474519914847	8.201286536542633e-5
3.56	0.0	0.0	0.47254848375074365	0.00030069720736730117	9.50888061332635e-5
3.57	0.0	0.0	0.4709763094046708	0.00037004932953606256	0.00011701987279521774
3.58	0.0	0.0	0.4699874149707445	0.00024537866787082763	7.759554796897947e-5
3.59	0.0	0.0	0.46873670374420257	0.00043001948616095683	0.00013598410145238793
3.6	0.0	0.0	0.4674694990012944	0.0003505302365893186	0.00011084739363799388
3.61	0.0	0.0	0.4661784050920942	0.00026192540032939033	8.282808420922904e-5
3.62	0.0	0.0	0.46489670238647535	0.00038725012820252174	0.00012245924293121754
3.63	0.0	0.0	0.46382411152229547	0.00028137846296719495	8.897968274936761e-5
3.64	0.0	0.0	0.4626583013520138	0.000340794890336317	0.00010776880684100678
3.65	0.0	0.0	0.46155492066375137	0.0002611708384621233	8.25894707956217e-5
3.66	0.0	0.0	0.46035075787421215	0.00040103593180937564	0.0001268186968085598
3.67	0.0	0.0	0.4589266411121885	0.00015902588060547933	5.028839896273112e-5
3.68	0.0	0.0	0.45769656189381874	0.0003233902248079292	0.00010226496834269445
3.69	0.0	0.0	0.45651761837340865	0.000452148873671213	0.00014298202822807715
3.7	0.0	0.0	0.45550739889635083	0.0002566158053465321	8.114904284934558e-5
3.71	0.0	0.0	0.4542364884473825	0.0002996825835485201	9.476795390970289e-5
3.72	0.0	0.0	0.45311625490415774	0.00013142485797845222	4.1560189237606144e-5
3.73	0.0	0.0	0.45195224966723824	0.00036663174131007476	0.00011593913650534817
3.74	0.0	0.0	0.4505172470518207	0.00028587614579383063	9.040197494188691e-5
3.75	0.0	0.0	0.4492560636341404	0.00023870563852933227	7.548535080775357e-5
3.76	0.0	0.0	0.44828484310870076	0.00048195009743017155	0.00015240600264194052
3.77	0.0	0.0	0.44700788755741583	0.00026217482218250855	8.29069583246364e-5
3.78	0.0	0.0	0.4458299189340287	0.0002865323205590597	9.060947562201192e-5
3.79	0.0	0.0	0.4446191310733889	0.00027555387094533944	8.713778502633676e-5
3.8	0.0	0.0	0.4432678114029113	0.00028096252853674464	8.884815273361682e-5
3.81	0.0	0.0	0.4421366862403113	0.00035022586160031997	0.00011075114181519144
3.82	0.0	0.0	0.44093339496565553	0.0002342054014515839	7.406225089011106e-5
3.83	0.0	0.0	0.4398938322055076	0.00020626700825679853	6.522735522402406e-5
3.84	0.0	0.0	0.4385587483607705	0.0003661610535793194	0.00011579029197575987
3.85	0.0	0.0	0.4373794222521081	0.00034488268966634565	0.00010906148249106688
3.86	0.0	0.0	0.4360689940246115	0.00033190401414723167	0.00010495726492580004
3.87	0.0	0.0	0.43492727982804114	0.000500315566065823	0.00015821367376044488
3.88	0.0	0.0	0.43377808104982474	0.00037633099726303037	0.00011900631054737684
3.89	0.0	0.0	0.4325117476009506	0.0002586660382004893	8.179738340456678e-5
3.9	0.0	0.0	0.4312994053082909	0.00026476590779626126	8.37263315398318e-5
3.91	0.0	0.0	0.43033825818816707	0.0002500248890512514	7.906481211328499e-5
3.92	0.0	0.0	0.42906100385071355	0.00034364049907939227	0.00010866866733678746
3.93	0.0	0.0	0.4277579314967454	0.00029335022336014456	9.276548579371893e-5
3.94	0.0	0.0	0.4265058835744494	0.00029952720145122463	9.471881777619614e-5
3.95	0.0	0.0	0.4253812033173057	0.0002785782636630049	8.80941819790017e-5
3.96	0.0	0.0	0.42439799452311	0.0003183561521820729	0.00010067305480225338
3.97	0.0	0.0	0.4229865272600087	0.0003027814136960908	9.574789004453481e-5
3.98	0.0	0.0	0.4218986451802528	0.00031931606953328445	0.00010097660732178782
3.99	0.0	0.0	0.42050352500303323	0.0004753735957396244	0.00015032633020413286
4.0	0.0	0.0	0.41954347679919113	0.0002413849597397346	7.633262656856064e-5
4.01	0.0	0.0	0.41820181022912906	0.00019375923689340528	6.127205062792883e-5
4.02	0.0	0.0	0.41701559828660084	0.00040494651778826257	0.00012805533267648
4.03	0.0	0.0	0.4159936763832469	0.00044722674388284026	0.00014142551412105512
4.04	0.0	0.0	0.41474762210907024	0.0002993753889728784	9.467081045531522e-5
4.05	0.0	0.0	0.41348007773843687	0.00020393867798941973	6.449107254502148e-5
4.06	0.0	0.0	0.412154111045793	0.00041076618988998976	0.0001298956745841597
4.07	0.0	0.0	0.41124677727613906	0.0002887954767028093	9.132514843349714e-5
4.08	0.0	0.0	0.409826806292685	0.00021222505525185	6.711145511509252e-5
4.09	0.0	0.0	0.40868539281244975	0.0002350525551654234	7.43301444165114e-5
4.1	0.0	0.0	0.40746212677786886	0.00032000135660804636	0.00010119331412251999
4.11	0.0	0.0	0.4063742624009059	0.00039091060018831654	0.00012361678580985263
4.12	0.0	0.0	0.40530322285070974	0.00037765009265812216	0.00011942344513732981
4.13	0.0	0.0	0.40402279976836664	0.0002802558565679474	8.862468343561735e-5
4.14	0.0	0.0	0.4029161231389028	0.00018409153773133052	5.821485571938308e-5
4.15	0.0	0.0	0.40177358120869633	0.0002450718525561947	7.749852444745334e-5
4.16	0.0	0.0	0.4003497267362717	0.0003006679155107812	9.50795432349137e-5
4.17	0.0	0.0	0.3991956440655636	0.0003990727367594202	0.0001261978800236571
4.18	0.0	0.0	0.39816460809231513	0.0001985472631785937	6.278615748372386e-5
4.19	0.0	0.0	0.39690569101092327	0.0002241075192387475	7.086902015644464e-5
4.2	0.0	0.0	0.39547284437918295	0.00044581545238670504	0.00014097922456403372
4.21	0.0	0.0	0.39437365404292046	0.00047333432877725613	0.00014968145736831117
4.22	0.0	0.0	0.3933082247580037	0.0003289046648188439	0.00010400878738817987
4.23	0.0	0.0	0.3922148921201714	0.0004068215639252675	0.00012864827432756357
4.24	0.0	0.0	0.3908311392459947	0.0003462931853974294	0.00010950752040508378
4.25	0.0	0.0	0.38994270468019715	0.00031773373516052865	0.00010047622925799959
4.26	0.0	0.0	0.3885799712977873	0.0003671282202064311	0.00011609613691761744
4.27	0.0	0.0	0.387464040536577	0.00029623375455734415	9.367733842244922e-5
4.28	0.0	0.0	0.3863432801206589	0.00025211024794282306	7.972426049691004e-5
4.29	0.0	0.0	0.3851622877237383	0.0002897515560270555	9.162748726233841e-5
4.3	0.0	0.0	0.38408221126931774	0.0004116951885479868	0.00013018944975441073
4.31	0.0	0.0	0.3826625365402047	0.0004208092645932164	0.00013307157366150126
4.32	0.0	0.0	0.38150137957983266	0.00034280364435179726	0.00010840403063579947
4.33	0.0	0.0	0.38045029135342057	0.000260407190152906	8.234798399677538e-5
4.34	0.0	0.0	0.3791248182999188	0.00044086596409893494	0.00013941405893986566
4.35	0.0	0.0	0.37800251941941326	0.00016938250681499734	5.356345173243843e-5
4.36	0.0	0.0	0.37669957008502364	0.00031029571176045004	9.812411973461178e-5
4.37	0.0	0.0	0.3756447219148226	0.00023870533693054648	7.548525543384331e-5
4.38	0.0	0.0	0.3746741671890763	0.00021566962538678547	6.820072383375149e-5
4.39	0.0	0.0	0.37342118071712893	0.00035051446969914987	0.00011084240770953879
4.4	0.0	0.0	0.37221287297776817	0.00020687864100598684	6.542077048192261e-5
4.41	0.0	0.0	0.3709549966263985	0.0002943550092850166	9.308322700206638e-5
4.42	0.0	0.0	0.36985003417740614	0.00038988342620925495	0.00012329196487714336
4.43	0.0	0.0	0.36859866521150514	0.00025192265715062945	7.966493907976932e-5
4.44	0.0	0.0	0.367464393089063	0.00033004210436545975	0.0001043684773549854
4.45	0.0	0.0	0.36623675681038115	0.0002740800255751629	8.667171419747157e-5
4.46	0.0	0.0	0.3652251624186465	0.0003053634248742537	9.656439367123575e-5
4.47	0.0	0.0	0.3639443581633973	0.0002228458227849276	7.047003670546181e-5
4.48	0.0	0.0	0.3628728886607909	0.0002826244727766469	8.937370564784568e-5
4.49	0.0	0.0	0.361783301290014	0.0003115187672400938	9.851088383665418e-5
4.5	0.0	0.0	0.3604814720146253	0.00028010775543632025	8.857784974561834e-5
4.51	0.0	0.0	0.35935346290112813	0.0003084949226912979	9.755466023020626e-5
4.52	0.0	0.0	0.35806951981049745	0.0004249598371666156	0.00013438409995407806
4.53	0.0	0.0	0.35693203227832715	0.0002531301858807109	8.004679319248413e-5
4.54	0.0	0.0	0.3557915687516524	0.00027830737951125217	8.800852088884356e-5
4.55	0.0	0.0	0.35463577429592097	0.0003104614336372692	9.817652559349841e-5
4.56	0.0	0.0	0.35349001703267774	0.00027376524372889495	8.65721714374436e-5
4.57	0.0	0.0	0.35241576639539846	0.00037216606770794065	0.00011768924417855332
4.58	0.0	0.0	0.3511897700008398	0.0003947874280010488	0.0001248427464083049
4.59	0.0	0.0	0.35011204921007194	0.00019068936154785084	6.0301270805453986e-5
4.6	0.0	0.0	0.3487245717686739	0.0002541686330220207	8.03751790121071e-5
4.61	0.0	0.0	0.3477034569227449	0.00037983608431668546	0.00012011471639604872
4.62	0.0	0.0	0.3465599619938588	0.0004694075911597111	0.00014843971390378065
4.63	0.0	0.0	0.34531855010672363	0.00024109798558286105	7.624187737202794e-5
4.64	0.0	0.0	0.3442194008238946	0.0003678127366512982	0.00011631260002377954
4.65	0.0	0.0	0.3429811150981491	0.00017173473087744317	5.4307290292876726e-5
4.66	0.0	0.0	0.34184059157028557	0.0003643446619082338	0.00011521589849540087
4.67	0.0	0.0	0.3406938567449643	0.0003773199874103359	0.00011931905669227192
4.68	0.0	0.0	0.3395382415972134	0.0003430676697867523	0.00010848752280926691
4.69	0.0	0.0	0.33841772085196165	0.00026647422884240216	8.426655008789247e-5
4.7	0.0	0.0	0.3372314434715666	0.00032136573132378213	0.00010162476729088697
4.71	0.0	0.0	0.3362189443692339	0.00023581345200912788	7.457076112556532e-5
4.72	0.0	0.0	0.3349037563863624	0.0002999476157357035	9.485176444617845e-5
4.73	0.0	0.0	0.33386517826707307	0.0003308552666585619	0.00010462562185034222
4.74	0.0	0.0	0.3325041859081361	0.00029484679274396816	9.323874258665466e-5
4.75	0.0	0.0	0.3314168133278314	0.00022235642051818573	7.031527411996645e-5
4.76	0.0	0.0	0.33016832099074916	0.00035757669164844584	0.00011307567837967973
4.77	0.0	0.0	0.329049382974158	0.00037653424823118966	0.0001190705841469786
4.78	0.0	0.0	0.3279240031327057	0.00036336541252320536	0.00011490623264999997
4.79	0.0	0.0	0.32683405245140107	0.0003365535682690538	0.00010642758303871823
4.8	0.0	0.0	0.32559290065348967	0.00015082067031682903	4.769368364345286e-5
4.81	0.0	0.0	0.324524633108331	0.00040841333970129194	0.0001291516380252155
4.82	0.0	0.0	0.3233880827845892	0.00021874197814367294	6.917228708247768e-5
4.83	0.0	0.0	0.32209270806696555	0.0003878367615978386	0.00012264475269928944
4.84	0.0	0.0	0.321075688704531	0.00032279828756936536	0.00010207778135212122
4.85	0.0	0.0	0.31995800988870854	0.00039402735509776865	0.0001246023902520907
4.86	0.0	0.0	0.31866097032641055	0.00029496539187935243	9.327624692628876e-5
4.87	0.0	0.0	0.3176931718624145	0.0002744131275756059	8.677705029892739e-5
4.88	0.0	0.0	0.3166413430647469	0.00025916936809406425	8.195655029238149e-5
4.89	0.0	0.0	0.3152325540470131	0.00024054813204561672	7.606799841630871e-5
4.9	0.0	0.0	0.3144421466707838	0.00030436652158004465	9.624914516957321e-5
4.91	0.0	0.0	0.3130134965176396	0.00026164658023295146	8.273991355301158e-5
4.92	0.0	0.0	0.31196013055609456	0.0002838818005984602	8.97713076160885e-5
4.93	0.0	0.0	0.3107065895361941	0.00021492771212045888	6.796611025896277e-5
4.94	0.0	0.0	0.3096704747046808	0.000385384885778499	0.00012186940148638898
4.95	0.0	0.0	0.30859649391293764	0.0002695661448544708	8.524429978110063e-5
4.96	0.0	0.0	0.3072507012125503	0.0003564174797012547	0.00011270910337527945
4.97	0.0	0.0	0.306404318609129	0.0003097996633357844	9.796725544944359e-5
4.98	0.0	0.0	0.3049017751310832	0.00026112602774116416	8.257530040143919e-5
4.99	0.0	0.0	0.3037730353550091	0.00033275654318876743	0.00010522685828006937
5.0	0.0	0.0	0.30282192323210716	0.00020789849597752953	6.574327694123473e-5
5.01	0.0	0.0	0.3015622271227686	9.174838899514927e-5	2.901338808757989e-5
5.02	0.0	0.0	0.3004550155531104	0.00020098180289652637	6.355602654000497e-5
5.03	0.0	0.0	0.2994151829721046	0.00023719143480091615	7.500651754542217e-5
5.04	0.0	0.0	0.2983519817586905	0.00029069281035836624	9.192513801678248e-5
5.05	0.0	0.0	0.29698733029467683	0.0003129592242283824	9.896639633210403e-5
5.06	0.0	0.0	0.29578563102669975	0.00028861994721277403	9.126964113499322e-5
5.07	0.0	0.0	0.29480644413931134	0.00042811913711263117	0.0001353831583181837
5.08	0.0	0.0	0.2934453328029118	0.00017906587599963506	5.662560193721271e-5
5.09	0.0	0.0	0.2924013386100416	0.00019583798129047358	6.192940732473375e-5
5.1	0.0	0.0	0.2913905436124225	0.000433824892550197	0.00013718747661364356
5.11	0.0	0.0	0.290268750902606	0.00013803791507945436	4.365142151119783e-5
5.12	0.0	0.0	0.2891244859166235	0.00029427867549574867	9.305908813841458e-5
5.13	0.0	0.0	0.2880811394378939	0.00033750584600813447	0.00010672871970077528
5.14	0.0	0.0	0.28702579048078297	0.00033990063952155677	0.00010748601990359642
5.15	0.0	0.0	0.28555922977589004	0.00028090416284297734	8.882969588066478e-5
5.16	0.0	0.0	0.2847619868867134	0.00021084510679108715	6.667507709612711e-5
5.17	0.0	0.0	0.2833252163163565	0.00028779682747287987	9.100934781848213e-5
5.18	0.0	0.0	0.2825609107780001	0.00013343867600882893	4.21970144145166e-5
5.19	0.0	0.0	0.2811209630445442	0.00031092577027476653	9.832336173105397e-5
5.2	0.0	0.0	0.2801108824904923	0.0002660286755960069	8.412565378014334e-5
5.21	0.0	0.0	0.27899933533952215	0.00027315326793518445	8.637864769934214e-5
5.22	0.0	0.0	0.2778740264202617	0.00022479059858009258	7.108502881057045e-5
5.23	0.0	0.0	0.27659921266674586	0.00031072583406052543	9.826013634867864e-5
5.24	0.0	0.0	0.2756554383035688	0.0002659479077473135	8.410011274378505e-5
5.25	0.0	0.0	0.2742411636330922	0.0003455245657361754	0.0001092644615266888
5.26	0.0	0.0	0.27344014502611613	0.0003081575364589156	9.744796933565515e-5
5.27	0.0	0.0	0.2720643897614602	0.00029743515726066426	9.405725531540673e-5
5.28	0.0	0.0	0.2708964594772418	0.00025575646051864074	8.087729415418337e-5
5.29	0.0	0.0	0.2699476160394046	0.00035195247431521167	0.00011129714469679791
5.3	0.0	0.0	0.2687518108982213	0.00025296957618736336	7.999600394795619e-5
5.31	0.0	0.0	0.26764144139518103	0.0001964391108469806	6.211950118147466e-5
5.32	0.0	0.0	0.2664086707614678	0.00029629872271424643	9.369788315756866e-5
5.33	0.0	0.0	0.26549765744428777	0.00029801623379749944	9.424100785053491e-5
5.34	0.0	0.0	0.2642737938781805	0.0001759339244075044	5.563519188196035e-5
5.35	0.0	0.0	0.263249456303127	0.0002377987667291126	7.519857276430644e-5
5.36	0.0	0.0	0.2619542827510671	0.0004508041539204812	0.00014255679050538452
5.37	0.0	0.0	0.2609077437918058	0.00029589982196403755	9.357173966446766e-5
5.38	0.0	0.0	0.25995386174377727	0.0001693824135266472	5.356342223207187e-5
5.39	0.0	0.0	0.25878257000376814	0.00023462025654961334	7.419343959098162e-5
5.4	0.0	0.0	0.2574274756251727	0.0002569356743509569	8.125019431003285e-5
5.41	0.0	0.0	0.25646084558824583	0.00035893368622154576	0.00011350479774202809
5.42	0.0	0.0	0.25514784241439104	0.0002876620161742355	9.0966716742678e-5
5.43	0.0	0.0	0.25433993373543784	0.0003019211445242694	9.547584904615657e-5
5.44	0.0	0.0	0.25299740225937406	0.0003317518490602593	0.00010490914610028101
5.45	0.0	0.0	0.25195731637132407	0.0003526849162059127	0.00011152876315963144
5.46	0.0	0.0	0.250693744470669	0.00031378667479109684	9.922805917504058e-5
5.47	0.0	0.0	0.249696344361309	0.00034725739921903886	0.0001098124315878539
5.48	0.0	0.0	0.24862089363519096	0.00023038563269679784	7.285433395008414e-5
5.49	0.0	0.0	0.24741511102193847	0.0003058171937414492	9.670788798639699e-5
5.5	0.0	0.0	0.2464005306601685	0.00036015460264921765	0.00011389088541644403
5.51	0.0	0.0	0.24541495694864932	0.0003972967469264277	0.00012563626272630126
5.52	0.0	0.0	0.24424899964054836	0.00026864704564447903	8.495365509117709e-5
5.53	0.0	0.0	0.24303405868129296	0.00021071035799879927	6.663246578656845e-5
5.54	0.0	0.0	0.2421574267214816	0.0002079681787454819	6.576531256727418e-5
5.55	0.0	0.0	0.24090867240239172	0.000283908808811693	8.977984836302322e-5
5.56	0.0	0.0	0.23960794416658934	0.00026123320978007464	8.260919433816098e-5
5.57	0.0	0.0	0.2384548062041157	0.000422531164232115	0.00013361608613761538
5.58	0.0	0.0	0.23752065965310218	0.0002619110426031257	8.282354389752731e-5
5.59	0.0	0.0	0.23637693136776755	0.000179566457939902	5.6783899845891697e-5
5.6	0.0	0.0	0.23525044712367893	0.00023395451423463667	7.398291338597366e-5
5.61	0.0	0.0	0.23422137779684463	0.0002603078380325109	8.231656609769379e-5
5.62	0.0	0.0	0.2329038872075589	0.00030806760393695045	9.741953017514186e-5
5.63	0.0	0.0	0.23212948363990452	0.0003917179892286307	0.00012387210464237766
5.64	0.0	0.0	0.23087115800926356	0.0003007738653272065	9.511304750867177e-5
5.65	0.0	0.0	0.22983596201316359	0.00022858102217816772	7.228366599724726e-5
5.66	0.0	0.0	0.22867248723830524	0.00025752198344946	8.143560152644783e-5
5.67	0.0	0.0	0.22749655069084307	0.00026740988762482566	8.456243137441229e-5
5.68	0.0	0.0	0.22632848148053603	0.0001901894120711758	6.014317289932375e-5
5.69	0.0	0.0	0.2254634344960218	0.00030742507993185823	9.721634624439936e-5
5.7	0.0	0.0	0.22423570046331073	0.0002836572183519596	8.970028847399058e-5
5.71	0.0	0.0	0.2229681029830639	0.00023614845348039182	7.467669789243548e-5
5.72	0.0	0.0	0.22183788951460426	0.00028629530232876597	9.053452387654087e-5
5.73	0.0	0.0	0.22093815912414216	0.00011728979852345208	3.709029096363627e-5
5.74	0.0	0.0	0.21991464030767097	0.0002614220786806191	8.266891992865021e-5
5.75	0.0	0.0	0.21863347403246164	0.00018764007483007948	5.933700167874833e-5
5.76	0.0	0.0	0.2175358464042631	0.0003546402693650298	0.00011214710012091302
5.77	0.0	0.0	0.21656245933455795	0.00035846569752224627	0.00011335680672112748
5.78	0.0	0.0	0.21525120353500687	0.00029182154289318575	9.228207458469897e-5
5.79	0.0	0.0	0.21442387064552215	0.0002599876665609753	8.221531898850777e-5
5.8	0.0	0.0	0.2131568639279246	0.0002516560698158994	7.958063676245926e-5
5.81	0.0	0.0	0.21210186929657054	0.00030028335650934894	9.495793500098911e-5
5.82	0.0	0.0	0.21118326596462053	0.00030021972489504883	9.493781291775095e-5
5.83	0.0	0.0	0.2099513382263361	0.0002477862167999615	7.83568817884157e-5
5.84	0.0	0.0	0.20868139712984296	0.00037778843021086216	0.00011946719131258902
5.85	0.0	0.0	0.20767730843881807	0.0002203914809305843	6.969390566382121e-5
5.86	0.0	0.0	0.20666194358169387	0.0003922408705098527	0.00012403745422183052
5.87	0.0	0.0	0.20559777060163342	0.00032630895344869704	0.00010318795138037383
5.88	0.0	0.0	0.20445787570717622	0.00029318430447605916	9.27130176356646e-5
5.89	0.0	0.0	0.20320419538962714	0.0002903999570949282	9.183252968351473e-5
5.9	0.0	0.0	0.20222705460773344	0.00015956490705883747	5.045885409390054e-5
5.91	0.0	0.0	0.20113986687322916	0.0003531845251999655	0.00011168675339570268
5.92	0.0	0.0	0.20008537581644026	0.0003038941245595027	9.609976011509422e-5
5.93	0.0	0.0	0.19881785016279346	0.000226485763669967	7.162108707997117e-5
5.94	0.0	0.0	0.19787525656886362	0.00025474514506647523	8.055748812800676e-5
5.95	0.0	0.0	0.19676489130027092	0.00018116324683882412	5.728884883219833e-5
5.96	0.0	0.0	0.19565922160868204	0.000308513266149603	9.75604609410471e-5
5.97	0.0	0.0	0.19458598295478544	0.0002629922976757526	8.316546677363848e-5
5.98	0.0	0.0	0.19356333567414513	0.0003130193831815559	9.8985420263472e-5
5.99	0.0	0.0	0.19227410320943633	0.0002661859580212029	8.41753908500968e-5
6.0	0.0	0.0	0.19144122302115493	0.00022882595984243897	7.236112208763314e-5
6.01	0.0	0.0	0.19015081476951334	0.00038352452948516654	0.0001212811051717531
6.02	0.0	0.0	0.18919138553982315	0.0003573096086279026	0.00011299121931275231
6.03	0.0	0.0	0.1879660754056944	0.00033810062296435516	0.00010691680468891924
6.04	0.0	0.0	0.1869091654591424	0.00031353318421779175	9.914789841733798e-5
6.05	0.0	0.0	0.18624038045449418	0.00027201083984581306	8.601738021680535e-5
6.06	0.0	0.0	0.18486607082008963	0.00034254437282841595	0.00010832204178116881
6.07	0.0	0.0	0.18361089906388725	0.0003393709965890658	0.0001073185321022682
6.08	0.0	0.0	0.18265036781080352	0.0002765839718267192	8.746353152682745e-5
6.09	0.0	0.0	0.1815653588606907	0.0002727154901500036	8.62402102083226e-5
6.1	0.0	0.0	0.180541757201753	0.0002686445023643438	8.495285083538158e-5
6.11	0.0	0.0	0.17925812022110102	0.00037894794821094187	0.00011983386309941053
6.12	0.0	0.0	0.17821743637444254	0.00038742246392827547	0.00012251374027277752
6.13	0.0	0.0	0.177209995350672	0.00031088880567300964	9.831167249761868e-5
6.14	0.0	0.0	0.17600283065139183	0.00031005714191379677	9.804867732496564e-5
6.15	0.0	0.0	0.1750785195149124	0.00040796302158745693	0.00012900923493408052
6.16	0.0	0.0	0.1738038977957435	0.0002367837760347378	7.487760452449643e-5
6.17	0.0	0.0	0.1727762679856153	0.0002936247475989669	9.28522979804792e-5
6.18	0.0	0.0	0.17183998376158255	0.0003352565425031824	0.00010601742747831044
6.19	0.0	0.0	0.1706612660191004	0.0002461206229432579	7.783017476401895e-5
6.2	0.0	0.0	0.1694324445700078	0.00029121505458506146	9.209028614190549e-5
6.21	0.0	0.0	0.16853934060588294	0.0002241689121894171	7.088843431208408e-5
6.22	0.0	0.0	0.16741323938514313	0.0002884515853758051	9.121640044740603e-5
6.23	0.0	0.0	0.16634082542995451	0.000264489915166458	8.3639055007072e-5
6.24	0.0	0.0	0.16508505052466207	0.00035013446005859077	0.00011072223810983992
6.25	0.0	0.0	0.16431908106394263	0.00043382482661906023	0.00013718745576438745
6.26	0.0	0.0	0.1633217412284601	0.00019202465777490982	6.072352854830756e-5
6.27	0.0	0.0	0.16201202090763894	0.00013969614430354613	4.417579963427621e-5
6.28	0.0	0.0	0.16087548886451897	0.00021066595728631181	6.661842504844898e-5
6.29	0.0	0.0	0.16004566820200014	0.00021772416287787482	6.88504256347565e-5
6.3	0.0	0.0	0.15887390966035214	0.0002715966369642889	8.588639776490322e-5
6.31	0.0	0.0	0.15773128909149603	0.00016012507970962755	5.063599623984362e-5
6.32	0.0	0.0	0.15671709927808436	0.0003169655234297919	0.00010023329937856079
6.33	0.0	0.0	0.15568565749270924	0.00028326498728777506	8.95762541208011e-5
6.34	0.0	0.0	0.15457982772377135	0.00019922087748319803	6.299917303042588e-5
6.35	0.0	0.0	0.1532593506910533	0.0002608129736608617	8.247630400898269e-5
6.36	0.0	0.0	0.1524473790791153	0.0002677584758920943	8.467266466343032e-5
6.37	0.0	0.0	0.1512702906676085	0.0003725895173190752	0.0001178231507031031
6.38	0.0	0.0	0.15026477967789686	0.0003438134278660432	0.00010872335222067009
6.39	0.0	0.0	0.14930311800955362	0.00030622929179840855	9.683820483432913e-5
6.4	0.0	0.0	0.1480525763247643	0.0003202793190221113	0.00010128121355575639
6.41	0.0	0.0	0.14691088239533184	0.0003212874211732321	0.0001016000034469221
6.42	0.0	0.0	0.1460539038898438	0.00038744528844771774	0.00012252095801957116
6.43	0.0	0.0	0.1449616352838206	0.00024605511898139344	7.78094605924933e-5
6.44	0.0	0.0	0.14372732319322729	0.000285789424857986	9.037455137407786e-5
6.45	0.0	0.0	0.14295019297163863	0.0002907010007711169	9.192772805270936e-5
6.46	0.0	0.0	0.14181408109361116	0.00029479441391023814	9.322217894507765e-5
6.47	0.0	0.0	0.1404893282063908	0.0003123802331655173	9.878330328175047e-5
6.48	0.0	0.0	0.13931789410466747	0.0003269562785210609	0.00010339265354189413
6.49	0.0	0.0	0.13864375313528884	0.00024270100561655727	7.674879681616394e-5
6.5	0.0	0.0	0.13740473832871034	0.0002949779725085343	9.328022527055003e-5
6.51	0.0	0.0	0.13633914211010775	0.0003104971082965611	9.81878069113097e-5
6.52	0.0	0.0	0.13543498445625746	0.00039066943567956123	0.0001235405228960064
6.53	0.0	0.0	0.13443831199593384	0.00041507143019963697	0.00013125711110944507
6.54	0.0	0.0	0.1331812494299894	0.00033599943554106715	0.0001062523508840702
6.55	0.0	0.0	0.13203093826205636	0.00020252294373074414	6.404337806312698e-5
6.56	0.0	0.0	0.13114689727552165	0.000406813975013781	0.00012864587450303768
6.57	0.0	0.0	0.13005415043773158	0.00035441451422336604	0.00011207571007679787
6.58	0.0	0.0	0.12888018552532585	0.00035677842565958194	0.00011282324450933407
6.59	0.0	0.0	0.12776582071707276	0.00018622998379595572	5.8891091741147e-5
6.6	0.0	0.0	0.12692135761730627	0.0004519540702309841	0.00014292042597136115
6.61	0.0	0.0	0.1257139648525671	0.00027499551174905946	8.696121634506218e-5
6.62	0.0	0.0	0.12459125406271987	0.0003864174010382588	0.00012219591148036112
6.63	0.0	0.0	0.12355579725602099	0.0003917259387069532	0.00012387461848814858
6.64	0.0	0.0	0.12244731711485586	0.00039921076051307086	0.0001262415269669313
6.65	0.0	0.0	0.12154962453129428	0.0002142674257254558	6.775730936733964e-5
6.66	0.0	0.0	0.12026151462650966	0.00048484168358957076	0.00015332040247337256
6.67	0.0	0.0	0.11938514611977394	0.00038568630873761685	0.000121964719795377
6.68	0.0	0.0	0.11828384459995171	0.00037326781612057297	0.00011803764761779263
6.69	0.0	0.0	0.1171187321891594	0.00044415282529668506	0.0001404534557136376
6.7	0.0	0.0	0.11614560109781247	0.00032944393403737675	0.00010417931928843816
6.71	0.0	0.0	0.11502250547643478	0.00030513367835346186	9.649174144221562e-5
6.72	0.0	0.0	0.11404985838017598	0.0002821476182423376	8.922291100374604e-5
6.73	0.0	0.0	0.11289818048821325	0.0003061916810043712	9.682631125695257e-5
6.74	0.0	0.0	0.11195737182166102	0.00023793354542746712	7.524119353099374e-5
6.75	0.0	0.0	0.11112465789486506	0.0004545552516517746	0.00014374299176106225
6.76	0.0	0.0	0.10987221682239483	0.0004565920181090318	0.00014438707386773875
6.77	0.0	0.0	0.10876065582613119	0.0002924313636108291	9.247491682791012e-5
6.78	0.0	0.0	0.10769365813141993	0.00033571126593242505	0.00010616122365249536
6.79	0.0	0.0	0.10659269867132595	0.00037757242054337406	0.00011939888305800122
6.8	0.0	0.0	0.1054673753260745	0.00043450593529081774	0.00013740284123807202
6.81	0.0	0.0	0.10446587317484912	0.0004852403290915125	0.00015344646524988425
6.82	0.0	0.0	0.10340649132343786	0.00021752826702995556	6.878847792839702e-5
6.83	0.0	0.0	0.1024243913145039	0.0003090201248836775	9.772074374620959e-5
6.84	0.0	0.0	0.10122959980134125	0.00032430567815702825	0.00010255446011017267
6.85	0.0	0.0	0.10046892971991388	0.00045273889251348836	0.00014316860856847772
6.86	0.0	0.0	0.09923415310588908	0.00043122678673293915	0.00013636588341517676
6.87	0.0	0.0	0.09819699272437768	0.0003710060738887416	0.00011732242192451465
6.88	0.0	0.0	0.09719146856613567	0.0004433379244486195	0.00014019576143892861
6.89	0.0	0.0	0.09614226132662841	0.0004918138388691872	0.00015552519156176816
6.9	0.0	0.0	0.0950475598486702	0.00034291509490987196	0.00010843927439680076
6.91	0.0	0.0	0.09429729392950204	0.00037487170042808585	0.0001185448403693069
6.92	0.0	0.0	0.0929437711290363	0.00036425587592297815	0.00011518782190162988
6.93	0.0	0.0	0.09204075159981293	0.0002644764238782188	8.363478868713142e-5
6.94	0.0	0.0	0.0908336683825999	0.00046821876932145843	0.00014806377542967797
6.95	0.0	0.0	0.08977056837859124	0.0003088225419813081	9.765826254639019e-5
6.96	0.0	0.0	0.08909194598489202	0.0005308068669422105	0.00016785586971953216
6.97	0.0	0.0	0.08776340752404803	0.00029382228554261224	9.291476496310172e-5
6.98	0.0	0.0	0.08652506808771931	0.0003368187041067155	0.000106511426352353
6.99	0.0	0.0	0.08575775988165435	0.00030006873935396804	9.489006709739412e-5
7.0	0.0	0.0	0.08474010725719655	0.0002979830131075494	9.423050254596648e-5
7.01	0.0	0.0	0.0834079242765042	0.0004145939661459931	0.00013110612371840794
7.02	0.0	0.0	0.08249629462669003	0.00029819284894632667	9.429685846449328e-5
7.03	0.0	0.0	0.08132813397927448	0.0005082716245288146	0.0001607296003544961
7.04	0.0	0.0	0.08033981253135385	0.00040570279577945706	0.00012829448877612313
7.05	0.0	0.0	0.0792357233664227	0.00037642771722794916	0.00011903689608581233
7.06	0.0	0.0	0.07828393097321158	0.0003001262738792438	9.490826111179091e-5
7.07	0.0	0.0	0.07738373923703495	0.0004823335301542202	0.00015252725471568419
7.08	0.0	0.0	0.0764507838372449	0.0003122538417993451	9.874333482238202e-5
7.09	0.0	0.0	0.07519692690385238	0.00044871464904477573	0.00014189603104645889
7.1	0.0	0.0	0.07430612132350745	0.0005979970868439688	0.00018910328285724528
7.11	0.0	0.0	0.07299605298743007	0.00041378795760873616	0.00013085124143928068
7.12	0.0	0.0	0.07194698665705893	0.0004201470333468598	0.00013286215775387938
7.13	0.0	0.0	0.07108264603422884	0.0003404623048330743	0.00010766363407030676
7.14	0.0	0.0	0.06985431159550473	0.00044916799060717083	0.00014203939023597767
7.15	0.0	0.0	0.06891700683161046	0.0003478341989957788	0.00010999483169269136
7.16	0.0	0.0	0.0681626817717432	0.00019746322562459127	6.244335470974332e-5
7.17	0.0	0.0	0.06704999562119891	0.00043866083290296096	0.00013871673522798878
7.18	0.0	0.0	0.06588645669162457	0.0006149831270662665	0.00019447474041021462
7.19	0.0	0.0	0.06465884392983035	0.00031115574999523917	9.83960877042882e-5
7.2	0.0	0.0	0.06385105598239063	0.00029238326078773	9.245970537962239e-5
7.21	0.0	0.0	0.06306837921546775	0.0004415315235668276	0.0001396245273235487
7.22	0.0	0.0	0.06180335449476963	0.000539085157149505	0.00017047369493822397
7.23	0.0	0.0	0.060760701834221255	0.00039534306938902153	0.00012501845564313
7.24	0.0	0.0	0.0596200716817555	0.000446429361286711	0.00014117335960402044
7.25	0.0	0.0	0.058798740399686	0.00041221869488198616	0.00013035499699290702
7.26	0.0	0.0	0.057499333097389305	0.0002698665354511615	8.533929162842459e-5
7.27	0.0	0.0	0.0565458634582946	0.0005545721995259336	0.00017537112775113008
7.28	0.0	0.0	0.05567668728908019	0.00026782417091340284	8.469343925325716e-5
7.29	0.0	0.0	0.05455181714523918	0.0003241417871529806	0.00010250263322409243
7.3	0.0	0.0	0.053565116203951504	0.0003748613766601752	0.00011854157570724363
7.31	0.0	0.0	0.052749682889651296	0.0004261685421246921	0.00013476632602274407
7.32	0.0	0.0	0.051494356198884136	0.00044520863197859066	0.00014078733110200228
7.33	0.0	0.0	0.050549801548387084	0.00029084540127181105	9.19733915004556e-5
7.34	0.0	0.0	0.04908931434180551	0.00046720800940850484	0.00014774414508042527
7.35	0.0	0.0	0.04845506139933702	0.0005229627988167982	0.00016537535757974912
7.36	0.0	0.0	0.04714497698881406	0.0002695840537768204	8.524996307960701e-5
7.37	0.0	0.0	0.04608414521517992	0.0006755608870823501	0.00021363111013040487
7.38	0.0	0.0	0.045252383756373804	0.00040854309890306074	0.00012919267148771095
7.39	0.0	0.0	0.04391998889430072	0.00047408104756038	0.00014991759058094126
7.4	0.0	0.0	0.04310098142189699	0.0005015189368596822	0.0001585942130182769
7.41	0.0	0.0	0.042021890172560604	0.000439871689964657	0.00013909964185157463
7.42	0.0	0.0	0.04086108078836402	0.0006395983953702678	0.00020225877171589402
7.43	0.0	0.0	0.040072309685391064	0.0004403898692486379	0.0001392635045289441
7.44	0.0	0.0	0.038979533977312866	0.0002214414038015455	7.002592042779526e-5
7.45	0.0	0.0	0.03794235209284085	0.0004525648035845096	0.00014311355681537852
7.46	0.0	0.0	0.0368574076048349	0.0004237125621513071	0.00013398967696237843
7.47	0.0	0.0	0.03612052320947501	0.00038502529805835767	0.0001217556898649616
7.48	0.0	0.0	0.03482634614592398	0.0004795747629028625	0.00015165485591082692
7.49	0.0	0.0	0.03436318322903322	0.0005999251597636836	0.00018971299304936423
7.5	0.0	0.0	0.032618230464756794	0.00032177178689021054	0.00010175317333553733
7.51	0.0	0.0	0.03200719897835801	0.0003970717984931371	0.00012556512778577278
7.52	0.0	0.0	0.030808361127475776	0.00031398066281671986	9.928940357501736e-5
7.53	0.0	0.0	0.03000472096174117	0.0005640481977471592	0.00017836770149940777
7.54	0.0	0.0	0.029151483873245045	0.0007123400723983192	0.00022526170973879306
7.55	0.0	0.0	0.027763703259880763	0.0004407610267039589	0.00013938087482188075
7.56	0.0	0.0	0.02690400858751927	0.0005384993317579749	0.00017028844068338447
7.57	0.0	0.0	0.02570436136687481	0.0003074664228953238	9.722942003737659e-5
7.58	0.0	0.0	0.024562766739099188	0.0006979237802073905	0.0002207028778650097
7.59	0.0	0.0	0.02361997935177248	0.0004342919013051407	0.0001373351577489297
7.6	0.0	0.0	0.022792233355735568	0.00037688018672078105	0.00011917997950272133
7.61	0.0	0.0	0.02194137582544032	0.0004987541790539175	0.00015771991983378232
7.62	0.0	0.0	0.020769513085079988	0.00033995656975832714	0.00010750370659742311
7.63	0.0	0.0	0.01975042774865571	0.000519211204537123	0.00016418899930168592
7.64	0.0	0.0	0.01878456978558658	0.0003928663904343177	0.00012423526099014312
7.65	0.0	0.0	0.01735591732378589	0.00045768846722719187	0.0001447338015229256
7.66	0.0	0.0	0.016223181907675115	0.000457026776705248	0.0001445245566073768
7.67	0.0	0.0	0.015613805128835003	0.0003091763771131035	9.777015503965613e-5
7.68	0.0	0.0	0.014454628503343439	0.0008612297192686876	0.00027234475015164555
7.69	0.0	0.0	0.013588253087168331	0.0006757739404389255	0.00021369848351739709
7.7	0.0	0.0	0.012436788863621064	0.00044414624005061434	0.000140451373275984
7.71	0.0	0.0	0.01141055868181291	0.0005791961796686562	0.0001831579139821062
7.72	0.0	0.0	0.01095165335397302	0.00037030474250393205	0.00011710064146745884
7.73	0.0	0.0	0.009512823992756433	0.0004436428319441134	0.00014029218165507044
7.74	0.0	0.0	0.00861596967574948	0.0003247044142748483	0.00010268055154194113
7.75	0.0	0.0	0.007608174834593894	0.0005198405275338696	0.0001643880087070501
7.76	0.0	0.0	0.006268048961576775	0.0004213092499077924	0.00013322968290057087
7.77	0.0	0.0	0.005647300604503342	0.0004247718981584851	0.00013432466842138954
7.78	0.0	0.0	0.004677046461661155	0.0003601707549389909	0.00011389599321895509
7.79	0.0	0.0	0.0035797681528467558	0.0004156138827634129	0.00013142864967185803
7.8	0.0	0.0	0.0024917825429829443	0.0003767830416543341	0.00011914925953537927
7.81	0.0	0.0	0.0014373744095456547	0.0004899108793884673	0.00015492342293635953
7.82	0.0	0.0	0.0004810300084292179	0.0007683482760359234	0.00024297305885372875
7.83	0.0	0.0	-0.00045571850007301314	0.0003560330783554155	0.00011258754499643085
7.84	0.0	0.0	-0.0015786025721425303	0.0003131802649640919	9.903629555015614e-5
7.85	0.0	0.0	-0.0024455725626894792	0.0007408523113903785	0.00023427807137939015
7.86	0.0	0.0	-0.0033875233578573465	0.0006167266672629152	0.0001950260962315614
7.87	0.0	0.0	-0.004558004700865761	0.0003870448541208951	0.0001223943295669636
7.88	0.0	0.0	-0.00544680882376592	0.0005976635523317554	0.00018899780998355852
7.89	0.0	0.0	-0.006548146201999787	0.0004784683795654114	0.0001513049867796665
7.9	0.0	0.0	-0.0075658053238609885	0.00026551046545996815	8.396178134649653e-5
7.91	0.0	0.0	-0.008408395056986933	0.0005114836155229229	0.00016174532109102912
7.92	0.0	0.0	-0.00953911197337784	0.0005444830416322152	0.00017218065588940835
7.93	0.0	0.0	-0.01052571332531865	0.0004429977953070593	0.0001400882031603358
7.94	0.0	0.0	-0.01143294443333098	0.0005228275893432658	0.00016533260058998968
7.95	0.0	0.0	-0.012511438646729605	0.000549450002692446	0.00017375134688937777
7.96	0.0	0.0	-0.013680172595352083	0.0005783985110561312	0.00018290566901874567
7.97	0.0	0.0	-0.014576240778765385	0.0003717906696938897	0.00011757053290320282
7.98	0.0	0.0	-0.015485215542864156	0.00028663118041949995	9.064073785482768e-5
7.99	0.0	0.0	-0.01649472569360943	0.0005518267589415708	0.00017450294320840506
8.0	0.0	0.0	-0.017364086053468827	0.0003387504743257597	0.00010712230573317919
8.01	0.0	0.0	-0.01837878793653249	0.0005403135029679272	0.00017086213199227974
8.02	0.0	0.0	-0.01967057789621027	0.000367362013030751	0.00011617006870016289
8.03	0.0	0.0	-0.02066597495989716	0.0007262097262882049	0.00022964767940381837
8.04	0.0	0.0	-0.021541687467981404	0.0005883507553285847	0.00018605284499187752
8.05	0.0	0.0	-0.022320147548211343	0.0004267593405937013	0.00013495315290276501
8.06	0.0	0.0	-0.023961884625199152	0.0006018441332320385	0.0001903198257423077
8.07	0.0	0.0	-0.024749284226441945	0.00060621788116486	0.0001917029262802246
8.08	0.0	0.0	-0.02551971492130193	0.0006890657170835568	0.00021790171235212363
8.09	0.0	0.0	-0.02649060758618757	0.00016542339238844137	5.23114698219236e-5
8.1	0.0	0.0	-0.027506819639635326	0.0005268189357966846	0.00016659477516235352
8.11	0.0	0.0	-0.02862172545943532	0.0004141353203410748	0.0001309610871801256
8.12	0.0	0.0	-0.02931990161328075	0.00043199855207221076	0.00013660993704430382
8.13	0.0	0.0	-0.030637656501638272	0.0004415358378180763	0.00013962589160958314
8.14	0.0	0.0	-0.03151911129809481	0.0005774124147110287	0.00018259383797445655
8.15	0.0	0.0	-0.03212961953780895	0.0005550785768688548	0.0001755312583270436
8.16	0.0	0.0	-0.033231554987004384	0.0004615297769505793	0.0001459485303153312
8.17	0.0	0.0	-0.0341983387831274	0.000573790274960552	0.00018144841681296252
8.18	0.0	0.0	-0.035418774724616735	0.0006020476288694523	0.00019038417671312123
8.19	0.0	0.0	-0.03620459218072389	0.0003901294691665654	0.00012336977049187784
8.2	0.0	0.0	-0.03742126176272569	0.000460146552817686	0.00014551111643788575
8.21	0.0	0.0	-0.03830713180968203	0.0003712524317276168	0.0001174003271135429
8.22	0.0	0.0	-0.03918830533683203	0.00091358276360214	0.00028890023640539366
8.23	0.0	0.0	-0.04028428278339487	0.0004742569072199089	0.00014997320228820655
8.24	0.0	0.0	-0.040990927369850216	0.00032335116313097345	0.00010225261595585386
8.25	0.0	0.0	-0.04198219742448213	0.0006570243322366089	0.00020776933680188752
8.26	0.0	0.0	-0.043400578724838705	0.0006345778349523988	0.00020067113111079874
8.27	0.0	0.0	-0.04395545755429518	0.0005062212444595217	0.00016008121324569813
8.28	0.0	0.0	-0.04495049259610243	0.0005618389038923534	0.00017766906143922782
8.29	0.0	0.0	-0.04645443906651121	0.00043709561091814515	0.00013822176857641004
8.3	0.0	0.0	-0.04742860888210861	0.0005652096547384868	0.00017873498644909995
8.31	0.0	0.0	-0.04794622367161504	0.0004729805725599816	0.0001495695898300079
8.32	0.0	0.0	-0.049182685183273435	0.0005620033854610601	0.0001777210750782509
8.33	0.0	0.0	-0.05008635816720049	0.0006095612008796515	0.00019276017680471314
8.34	0.0	0.0	-0.05116666618829868	0.0007316131691792697	0.00023135639807805934
8.35	0.0	0.0	-0.05202447927159106	0.00048655275967629145	0.00015386149224176106
8.36	0.0	0.0	-0.052961285435564484	0.0007484781449957951	0.00023668957170444718
8.37	0.0	0.0	-0.05395764149079459	0.0006396928423096413	0.00020228863846053922
8.38	0.0	0.0	-0.054934104874540826	0.0004687915023183024	0.00014824488950579407
8.39	0.0	0.0	-0.05573872843087553	0.00041802924093888917	0.0001321924529918194
8.4	0.0	0.0	-0.05694183013608467	0.000489108530340135	0.0001546696978892397
8.41	0.0	0.0	-0.05759544685148258	0.0006491699081780005	0.0002052855498284849
8.42	0.0	0.0	-0.05914485393560074	0.0006162420510147098	0.00019487284711801597
8.43	0.0	0.0	-0.059740637118371145	0.0005542884129273375	0.00017528138654903053
8.44	0.0	0.0	-0.06113117797640122	0.00045088758242503525	0.00014258317291500176
8.45	0.0	0.0	-0.06198129434728401	0.00041874336564168106	0.00013241827905124072
8.46	0.0	0.0	-0.06253633713203743	0.0005766645692400175	0.00018235734847183287
8.47	0.0	0.0	-0.06368468481808327	0.0006143994645846073	0.00019429017012753168
8.48	0.0	0.0	-0.064797121190737	0.0006968752707428659	0.00022037131005939555
8.49	0.0	0.0	-0.06567990942109629	0.00044159495666198543	0.000139644586629522
8.5	0.0	0.0	-0.06667049800128202	0.00046299581006973607	0.00014641213069350884
8.51	0.0	0.0	-0.06770502932296538	0.0006370707041792698	0.00020145944557738429
8.52	0.0	0.0	-0.06886685543800554	0.0005038063430597183	0.00015931755437088738
8.53	0.0	0.0	-0.0697067283886701	0.0006354192344672835	0.0002009372049997184
8.54	0.0	0.0	-0.07069134124992064	0.0008494504589263664	0.00026861982096826255
8.55	0.0	0.0	-0.07148548868680996	0.0007130281652781164	0.00022547930381298343
8.56	0.0	0.0	-0.07241614307313601	0.0007516327715110067	0.00023768715219997
8.57	0.0	0.0	-0.07334978692234194	0.00041230080002983025	0.00013038096092038824
8.58	0.0	0.0	-0.07411637449774054	0.00045142055431983223	0.0001427517134266432
8.59	0.0	0.0	-0.07538404606430729	0.0007654381092900105	0.00024205278332493227
8.6	0.0	0.0	-0.07637789968578224	0.0005289266634875002	0.00016726129718139197
8.61	0.0	0.0	-0.07748355450077193	0.0003435302671409547	0.00010863380893715164
8.62	0.0	0.0	-0.0780879123087441	0.0003625646764098271	0.00011465301765769735
8.63	0.0	0.0	-0.0790393257165106	0.0006624010034789988	0.00020946958953747547
8.64	0.0	0.0	-0.08038857079705733	0.000591082944129067	0.00018691683895259026
8.65	0.0	0.0	-0.08108876547528293	0.0005044079330519964	0.00015950779383020353
8.66	0.0	0.0	-0.08223914809190738	0.0006802528339838904	0.0002151148340173486
8.67	0.0	0.0	-0.08281866108876897	0.0005900365051467842	0.00018658592589095003
8.68	0.0	0.0	-0.08394509888924626	0.00046694934428194906	0.0001476623479853081
8.69	0.0	0.0	-0.08486645021236133	0.0005209650664388211	0.00016474361913276195
8.7	0.0	0.0	-0.08553274885263135	0.0006850047202738172	0.00021661751240317816
8.71	0.0	0.0	-0.08642933186133242	0.0006955059860161403	0.00021993830420922214
8.72	0.0	0.0	-0.08781440316520513	0.0005510987717279713	0.00017427273343815968
8.73	0.0	0.0	-0.08825480981399976	0.000656461606002682	0.00020759138714205374
8.74	0.0	0.0	-0.08964736999601679	0.0007190172803529263	0.00022737322829350832
8.75	0.0	0.0	-0.090590955476786	0.0006568252036455774	0.00020770636681239556
8.76	0.0	0.0	-0.09156472198554122	0.0006210642864829263	0.0001963977718673372
8.77	0.0	0.0	-0.09226736892009131	0.0005912846320896833	0.00018698061828580846
8.78	0.0	0.0	-0.09330879654668872	0.000520326479726014	0.0001645416802831629
8.79	0.0	0.0	-0.09460742822691784	0.0004782120370417551	0.00015122392415607556
8.8	0.0	0.0	-0.0952182044902049	0.0005763855534701982	0.00018226911593825944
8.81	0.0	0.0	-0.0961639678641776	0.000400033446542838	0.00012650168313225782
8.82	0.0	0.0	-0.09717723484907237	0.0009895563076996172	0.0003129251805317206
8.83	0.0	0.0	-0.0980525054436981	0.0005338576831247527	0.0001688206225054655
8.84	0.0	0.0	-0.09899245148151681	0.0006993307854177676	0.00022114781197946128
8.85	0.0	0.0	-0.10030252699860571	0.0006281131634157772	0.00019862682247274028
8.86	0.0	0.0	-0.10128027944713032	0.000637577572711057	0.0002016197314808556
8.87	0.0	0.0	-0.10205719888487266	0.0005589772092382475	0.00017676411413173758
8.88	0.0	0.0	-0.10253498239215571	0.0006741443759037225	0.0002131831699648496
8.89	0.0	0.0	-0.10377857338245824	0.0006245638859531308	0.0001975044423897537
8.9	0.0	0.0	-0.10470301431386794	0.0008896760120319302	0.0002813402577636267
8.91	0.0	0.0	-0.10563787239934978	0.0008107440255882767	0.0002563797720232788
8.92	0.0	0.0	-0.10633836059466002	0.0003653498137208851	0.00011553375540762337
8.93	0.0	0.0	-0.1077303002426843	0.0007463818035075435	0.00023602665031880897
8.94	0.0	0.0	-0.10817415830684336	0.0005347616482266895	0.00016910648137020816
8.95	0.0	0.0	-0.10938287350043843	0.0007862647982778321	0.0002486387606570786
8.96	0.0	0.0	-0.11028289672620802	0.0007586761317161243	0.00023991445826288628
8.97	0.0	0.0	-0.11141324540718152	0.0005235590776002282	0.00016556391748735643
8.98	0.0	0.0	-0.1125740464600072	0.00028493177628619764	9.010333908219371e-5
8.99	0.0	0.0	-0.1136061764006645	0.0006848679524678088	0.0002165742626254211
9.0	0.0	0.0	-0.11425443461112998	0.0005977660564802548	0.00018903022464144593
9.01	0.0	0.0	-0.11545717810333897	0.00037188168336597406	0.00011759931395340305
9.02	0.0	0.0	-0.11578360247949684	0.0005917111855417791	0.00018711550633105148
9.03	0.0	0.0	-0.11723918794777707	0.000626340226337837	0.00019806617054129481
9.04	0.0	0.0	-0.11744157928596972	0.0006464454397845425	0.0002044239972748382
9.05	0.0	0.0	-0.11872379822998098	0.000379128473615468	0.00011989095024479311
9.06	0.0	0.0	-0.11979817422426986	0.0002040654663527697	6.453116654592056e-5
9.07	0.0	0.0	-0.12054768381873578	0.0006407330938453661	0.0002026175948797771
9.08	0.0	0.0	-0.12176190970606368	0.0006778080020494015	0.00021434171027641852
9.09	0.0	0.0	-0.12244753805961553	0.0005978320151096946	0.00018905108259148322
9.1	0.0	0.0	-0.12345835182885792	0.0006658188020928667	0.00021055039235783437
9.11	0.0	0.0	-0.1245379345586104	0.00037076972129586414	0.00011724768067207674
9.12	0.0	0.0	-0.12525871375442357	0.0007098991851624597	0.00022448983342109822
9.13	0.0	0.0	-0.1263134903738236	0.0007208076839190613	0.0002279394036134958
9.14	0.0	0.0	-0.1269611874111079	0.0005471809867366395	0.00017303382104261653
9.15	0.0	0.0	-0.12816620257782432	0.00050938004741712	0.0001610801144482668
9.16	0.0	0.0	-0.1288307439165397	0.0005116778788901038	0.00016180675256165168
9.17	0.0	0.0	-0.13001400786789824	0.0005158776845083749	0.0001631348477100225
9.18	0.0	0.0	-0.1303470891670049	0.0005861100749607401	0.00018534427964479627
9.19	0.0	0.0	-0.13144901975321363	0.000354179468971293	0.00011200138224182195
9.2	0.0	0.0	-0.13256259858903935	0.00041920219940867737	0.00013256337502835105
9.21	0.0	0.0	-0.13335722951032353	0.000621342216823625	0.00019648566115808467
9.22	0.0	0.0	-0.1345345082489071	0.0007408756931699006	0.0002342854653472939
9.23	0.0	0.0	-0.13514969769989532	0.00041445135061157193	0.0001310610247265586
9.24	0.0	0.0	-0.13680329503885807	0.0008267907041501153	0.00026145417733687933
9.25	0.0	0.0	-0.13700526638970745	0.0005569732086115429	0.00017613039349045843
9.26	0.0	0.0	-0.13797078181262665	0.0005680915139998662	0.0001796463103653009
9.27	0.0	0.0	-0.13912625666116035	0.0007282839050478185	0.00023030359231929055
9.28	0.0	0.0	-0.13994618115857524	0.0005613097036348871	0.0001775017136240337
9.29	0.0	0.0	-0.14103676869110668	0.0003833472319744673	0.00012122503877602432
9.3	0.0	0.0	-0.14159123479452834	0.0008361439992923719	0.00026441194896461125
9.31	0.0	0.0	-0.14266777922182391	0.0005489913837668407	0.00017360631885108055
9.32	0.0	0.0	-0.14340495473123877	0.0006188656292855861	0.00019570249541358547
9.33	0.0	0.0	-0.14414122032136534	0.0006909868573780285	0.00021850923025564935
9.34	0.0	0.0	-0.1454284652642472	0.0007578426702212788	0.0002396508945963102
9.35	0.0	0.0	-0.14646507663795866	0.000656649087924653	0.00020765067413140722
9.36	0.0	0.0	-0.14714951936645787	0.0004097429065422017	0.00012957208397708646
9.37	0.0	0.0	-0.14768107967074978	0.0009040655536116477	0.00028589063035138715
9.38	0.0	0.0	-0.1488726454051393	0.0006267971550112016	0.00019821066407490194
9.39	0.0	0.0	-0.1504158420104389	0.0005345260355838732	0.00016903197411052503
9.4	0.0	0.0	-0.1511063231425861	0.0004480296478628244	0.00014167941465297151
9.41	0.0	0.0	-0.15167562521541325	0.0004963809235841671	0.0001569694305583959
9.42	0.0	0.0	-0.15276206744448223	0.000611722282102549	0.00019344357069201097
9.43	0.0	0.0	-0.15373545674646316	0.0006157462017273784	0.0001947160458056021
9.44	0.0	0.0	-0.1543244625118406	0.0004655588773765261	0.00014722264374208584
9.45	0.0	0.0	-0.15531651252998008	0.0006193862761782292	0.00019586713841732961
9.46	0.0	0.0	-0.15651998149412583	0.0008633773637087129	0.0002730238949551132
9.47	0.0	0.0	-0.15737625785803522	0.0006673497256300853	0.00021103451288795162
9.48	0.0	0.0	-0.15832335065587044	0.0008755208709176565	0.0002768640091114068
9.49	0.0	0.0	-0.1591710861140327	0.0006770080413547933	0.0002140887404930613
9.5	0.0	0.0	-0.1604263048952535	0.0005202586853903862	0.00016452024183185871
9.51	0.0	0.0	-0.16031752374187622	0.00032288202758583767	0.00010210426227045648
9.52	0.0	0.0	-0.1623933820188335	0.0005498254438056947	0.00017387007179389127
9.53	0.0	0.0	-0.16306613052574304	0.000533397050844956	0.00016867495778867013
9.54	0.0	0.0	-0.16363767101553767	0.00047304075251672464	0.00014958862040328772
9.55	0.0	0.0	-0.16423756219515745	0.0006344424591928072	0.00020062832153677028
9.56	0.0	0.0	-0.1654204137230076	0.0004201634502531448	0.0001328673492354788
9.57	0.0	0.0	-0.16595032342710608	0.00046268397284962787	0.0001463135191060331
9.58	0.0	0.0	-0.16736284635336462	0.0007265874899708885	0.0002297671387692757
9.59	0.0	0.0	-0.16809240469409914	0.0007416986356746689	0.0002345457026171371
9.6	0.0	0.0	-0.1689898610741003	0.0003347889727276755	0.00010586956893274491
9.61	0.0	0.0	-0.16978643564403115	0.0007284430584694897	0.00023035392105027957
9.62	0.0	0.0	-0.17124169535263015	0.0006861747164123583	0.00021698749766831734
9.63	0.0	0.0	-0.17187587887805095	0.000833056479077633	0.00026343558934457256
9.64	0.0	0.0	-0.17290528429175855	0.0007026653237954963	0.00022220228560134784
9.65	0.0	0.0	-0.1738667872483251	0.0011880281587981342	0.0003756874906218311
9.66	0.0	0.0	-0.1739845739956945	0.00024189363788563564	7.64934847222605e-5
9.67	0.0	0.0	-0.17491906480348215	0.0005428281904138489	0.00017165734598553417
9.68	0.0	0.0	-0.17621674493833547	0.0007018179005694144	0.0002219343068476932
9.69	0.0	0.0	-0.17765528939162653	0.0007088707298085811	0.0002241646072820931
9.7	0.0	0.0	-0.17778840474158622	0.0007235975415952886	0.00022882163407395405
9.71	0.0	0.0	-0.17836461377567525	0.0009443837430801931	0.0002986403613368689
9.72	0.0	0.0	-0.1798782232568844	0.0005134121524995262	0.00016235517803082127
9.73	0.0	0.0	-0.18066507180852573	0.000650445762408179	0.00020568901036145738
9.74	0.0	0.0	-0.18142443924786553	0.0007049113186269735	0.00022291253152939124
9.75	0.0	0.0	-0.18228204134907883	0.0005629028748460035	0.0001780055185970074
9.76	0.0	0.0	-0.18296645339845713	0.0008443355738031122	0.00026700235227230314
9.77	0.0	0.0	-0.18435754184331385	0.0008298168573018821	0.0002624111309876873
9.78	0.0	0.0	-0.18516127914305178	0.0010049926401455203	0.00031780657745658175
9.79	0.0	0.0	-0.18563604207084114	0.0007564182124650223	0.00023920044150226385
9.8	0.0	0.0	-0.18712057800414145	0.0008191802173180191	0.000259047530087665
9.81	0.0	0.0	-0.18738716432813446	0.00053806868175042	0.00017015225719356022
9.82	0.0	0.0	-0.1884228179194506	0.000540003413620606	0.00017076407313071075
9.83	0.0	0.0	-0.1891027973987845	0.0007977773554464032	0.00025227935089163693
9.84	0.0	0.0	-0.19023798888910165	0.000444919528758778	0.00014069590863665263
9.85	0.0	0.0	-0.19130470220826057	0.0007647777009534692	0.0002418439438720089
9.86	0.0	0.0	-0.19197777963795004	0.0003983978889595867	0.00012598447441151435
9.87	0.0	0.0	-0.19247089836839323	0.0009330373218817612	0.0002950523079090027
9.88	0.0	0.0	-0.19329529673409585	0.0005287393652756069	0.00016720206828626602
9.89	0.0	0.0	-0.1943851770967016	0.0004745065150445451	0.0001500521352129716
9.9	0.0	0.0	-0.19557035282553342	0.00084117783010008	0.00026600378603543954
9.91	0.0	0.0	-0.196200435731363	0.000734198936694128	0.0002321740895627219
9.92	0.0	0.0	-0.1970047937614274	0.0007526781268261842	0.00023801772257598243
9.93	0.0	0.0	-0.19767288346681622	0.0007103316615269685	0.0002246265944557019
9.94	0.0	0.0	-0.19889925939227382	0.0007174730873029606	0.00022688491157501895
9.95	0.0	0.0	-0.1996852938569353	0.0008931807409429956	0.0002824485503576675
9.96	0.0	0.0	-0.20069300477271468	0.0008498298458676926	0.00026873979365317415
9.97	0.0	0.0	-0.2016164069502106	0.000825335943082164	0.0002609941414942728
9.98	0.0	0.0	-0.20231186296964415	0.0006605125963540368	0.00020887242277101847
9.99	0.0	0.0	-0.20338724505485933	0.0008264714953109012	0.0002613532346387618
10.0	0.0	0.0	-0.20394391654616614	0.000620170066680361	0.00019611499473684395
