-2.1718235113074256	-1.426985100146253	2.513309182020228	0.3854249076914284	0.1485523594689461
-2.200186399919835	-1.2649212301325334	2.6274779204865113	0.34305435452564165	0.11768629015900464
-2.238063708444646	-1.308882904650625	2.819120142822737	0.39928536648253826	0.1594288038870949
-2.134018594473102	-1.1828690631007879	2.4566138867230354	0.30775874671450165	0.09471544617928078
-2.060588680713457	-1.010319642072963	2.3852227212878376	0.3133808597359878	0.09820756324886686
-2.0576724872840035	-1.132117291043055	2.2264203456164697	0.32291304640655244	0.10427283553956031
-2.034816499888754	-0.8423334812608275	2.492033360525917	0.2983991821796645	0.08904207192549259
-1.9579383793555192	-0.7490541984213217	2.3319284310404194	0.268445066920556	0.07206275395398178
-1.9515825049007802	-0.8554310581596488	2.16264357576813	0.2710665258976354	0.07347706146221344
-1.9383262710791935	-0.5837666907893916	2.4431393146185254	0.2566426358952742	0.06586544255927429
-1.8716387349165742	-0.5303428200737285	2.2620197474565615	0.23802930981133058	0.0566579523292584
-1.805569736926055	-0.4712327643511941	2.0825304511516585	0.2814432101445668	0.07921028053647879
-1.8462741730718355	-0.3624887398471492	2.3681440643540284	0.24815581517718463	0.061581308606253014
-1.790865073142419	-0.7375715954674193	2.1839637571190678	0.26912929649514716	0.07243057823197283
-1.808867620583761	-0.18072643078401537	2.4439822080361355	0.25166907180363013	0.06333732170250073
-1.675646586897563	-0.3181151873225891	2.0829014399973205	0.33780513201831797	0.11411230721791324
-1.869699563530962	-0.21454858416803455	2.632464282967699	0.262598389675353	0.06895791426008853
-1.9184449567138477	-0.2058068956781164	2.8263004643978626	0.2983255332287584	0.08899812377622303
-1.8465090834624291	-0.0338896995291995	2.8994309802367773	0.30922571277764954	0.09562054144284542
-1.801950136281555	0.13535583840015936	2.8015451569227623	0.29434461436551307	0.08663875200598259
-1.7268427545633094	0.2455579541658051	2.6524317379698616	0.27207794234809834	0.07402640671237513
-1.8033123512475826	0.0053798376893341065	2.6492338706664875	0.2634163242239809	0.06938815986767345
-1.7302888360550186	0.09666348043682767	2.4864440208246763	0.25781567837021674	0.06646892401349505
-1.7278030224893304	-0.0256567977843041	2.3277782704941874	0.2917753499496401	0.08513285483823493
-1.6386589674383225	-0.020750434499775542	2.1483104602871816	0.32326539894469847	0.10450051815487504
-1.5802206678639739	0.05008367095245372	1.970526160256385	0.3672116460007736	0.1348443929585975
-1.5836595075760826	-0.10690063580597037	1.8466223372032202	0.42798148199325164	0.18316814892913996
-1.531309790214682	0.2437760008950814	1.9827804971254268	0.31125544350965156	0.0968799511143899
-1.3385643628547603	0.2083174117599025	1.9417652544435404	0.3032520705091919	0.0919618182681119
-1.4044870210093645	0.1315200796585297	2.1144848726497143	0.3229425417440725	0.10429188526812201
-1.3147028192989068	0.007944589268983285	1.9850915850568627	0.34192816325429476	0.11691486882645563
-1.3040720840815885	0.3343542327640084	1.7899981974377588	0.27995331712406823	0.07837385976876912
-1.4452916136684149	0.44538722101949557	1.8780857787443133	0.2681004266989591	0.07187783879616395
-1.3126192884050405	0.561291743060483	1.7833390473742676	0.2521099181936601	0.06355941085161397
-1.5879387060501071	0.20165758070998757	2.1702504853898112	0.2978824335122602	0.0887339441951861
-1.5561608091968169	0.3979818160805468	2.194852793366082	0.27729002682537823	0.07688975897681898
-1.573985562204871	0.4890282150567998	2.3723378513368805	0.2585468344735123	0.06684646561627376
-1.6649558749215576	0.43622513656302125	2.6507215359385565	0.2847906641011313	0.0811057223591634
-1.6532093028211463	0.23819457906045247	2.367217680569703	0.27776744983772395	0.0771547561893525
-1.2769497004605024	0.49748407532202066	1.5965979794537055	0.2507515232513602	0.06287632641287742
-1.9003566844390734	-0.028594803598173738	3.092567733569198	0.3456042821713714	0.1194423198551889
-2.002231722846016	-0.13404077205059733	3.2291475958655163	0.3481709772507403	0.12122302939973552
-1.9565456832200128	0.052814643539369585	3.284260403113355	0.3380774256231672	0.11429634571598815
-1.915489113444446	0.21490339202883252	3.394856493103062	0.3372782091369754	0.11375659035864534
-1.8799766073376958	0.40846698256023506	3.432184895075913	0.36528152566062033	0.13343059298895044
-1.8052097106180764	0.5774690993606636	3.3543405315261863	0.36878891181636947	0.13600526147870196
-1.7542161653647854	0.7662584503872973	3.3982292603893427	0.43100422489174606	0.1857646418745348
-1.4241980754060295	0.6224264890506106	1.9700734530336328	0.26221152738889303	0.0687548850956162
-1.4263606084297251	0.7455687047722879	2.12824622566002	0.26688523828641647	0.07122773041519731
-1.4810156346964927	0.7350523242034288	2.3207010727479496	0.28859925832550953	0.08328953190603419
-1.4110882647068312	0.9225929045910535	2.3254798825103964	0.31569838663282684	0.09966547132256984
-1.3457943512789998	1.095969997737104	2.2493342495325397	0.33161253086430165	0.10996687062622741
-1.3902944880382564	1.117570304065806	2.443155599807354	0.34896604468283854	0.12177730034158485
-1.314140621009541	1.277803639767826	2.3508192669904844	0.3585179237997596	0.12853510168569024
-1.398646101793582	1.2283524873222256	2.6094731149502364	0.3494063345993288	0.12208478665813811
-1.2464671041359225	1.3152817092994664	2.1662240461594613	0.363491493974324	0.13212606619168601
-1.3314082441552277	1.4168147020589055	2.604270452224787	0.4010317755552113	0.16082648500496535
-1.3551138381949868	0.9522115593609658	2.1099612782135146	0.29754152430520586	0.08853095868586543
-1.3469623494486729	0.840727857065537	1.94396344942695	0.27176312114745116	0.07385519401580422
-1.3214856421895869	0.7674520231389885	1.7593918689437367	0.25643242812245987	0.06575759019278053
-1.2797531356648713	1.1189534548970632	2.0284899420890516	0.32063075399005886	0.10280408040423365
-1.1808217557356178	1.4979863754200173	2.116181593759705	0.37323649282557075	0.1393054795767323
-1.2343421008547673	1.099738681512423	1.8341330280400698	0.31410465891576084	0.09866173675258647
-1.243280495066338	0.9564154396181389	1.6943022866947988	0.2777853092514537	0.07716467803592578
-1.1716665503893084	1.041814897354108	1.527812529875383	0.29273861451201993	0.08569589642641699
-1.0963455881602409	1.1534937268826952	1.3796216434103183	0.3174759712472694	0.10079099231939702
-1.0402175145012071	1.1643262753422086	1.187579420816552	0.33053636720355645	0.1092542900441243
-2.006219890598845	0.08351439110194228	3.516377236983278	0.35953509760536867	0.129265486410102
-1.9192049897720327	-0.4041114971661203	2.5889658428377156	0.2607541022081626	0.0679927018183849
-1.995646145118907	-0.5634729006730288	2.6829428500789425	0.2936508778189782	0.08623083804385646
-2.0591945250464505	-0.7530928909393213	2.6921670401165345	0.31918423901921195	0.10187857843827343
-2.1358206187356505	-0.8835381950714124	2.822982255189092	0.3273951815028129	0.10718760487125979
-2.209716975675947	-1.0124292878311694	2.9571327539148973	0.32214091251278437	0.1037747675145694
-2.213845557912598	-0.8935259355850892	3.1180591978177308	0.3284517767895758	0.10788056967622933
-2.007982488726634	-0.4604826759132441	2.854401785091686	0.31962549037811044	0.10216045409944759
-2.059360351211786	-0.4605002802272692	3.047890603673339	0.3393364282283957	0.11514921152280516
-2.1280728452029614	-0.5331200434824114	3.2213016766913523	0.3158311554909387	0.09974931877874152
-2.1968321811046327	-1.1138957071711337	2.7847284099235936	0.32115220064555416	0.10313873597948228
-2.1395218229751416	-0.4312115667684677	3.3936127680324337	0.3347414562010938	0.1120518424996288
-2.1563700432644435	-0.3503242567364868	3.5760645633482246	0.41149445833581194	0.16932768924108327
-2.0841884744479913	-0.20524213496427776	3.45865440934124	0.33722629104029683	0.113721571368795
-2.1460591782259844	-0.7100601203291671	3.073624057192953	0.3184931972164069	0.10143791667312904
-1.2771200352652938	0.670151530067629	1.4943093761634474	0.24161712595601068	0.058378835555242724
-1.2540812610926293	0.594978131584853	1.3101643015690025	0.22975541469458927	0.05278755058148269
-1.1454520359268248	0.42994612476548977	1.2786377346681184	0.2587331381735937	0.06694283678915594
-1.2113790146433774	0.40230514071294043	1.0915579070115466	0.2473920835420307	0.0612028429992671
-1.1701986460898413	0.47717299940361396	0.9105977191940053	0.20295876653129688	0.04119226091190547
-1.1750383529464203	0.625378330877315	1.0449296963155934	0.22623716472263328	0.0511832547017359
-1.1760510078141742	0.2836521006837631	0.8600615727860227	0.22532406542348257	0.050770934458965855
-1.1044792107672665	0.7185089296600365	0.8824241932980247	0.25733359585540794	0.06622057955587443
-1.0294191041941534	0.8138006810431229	0.7233832962225483	0.288944519193065	0.0834889351717115
-0.9988253522178541	0.7587290458574468	0.5334267072419067	0.3111183854111124	0.0967946497408175
-1.1183918209604748	0.8180098410905292	1.0555265077989846	0.26590936038571517	0.07070778794074013
-1.1584797321770792	0.34255597791082115	0.6694540462062274	0.2237653136464827	0.05007091559130877
-1.0895504575127535	0.4961166873595267	0.5613228435810961	0.26280772147910075	0.0690678984690366
-1.24734128483262	0.13223325423219992	0.7498942840075088	0.21807282220088364	0.04755575578265821
-1.2240673484261577	0.06501637989551888	0.5627559912023964	0.22517233953950766	0.050702582493695324
-1.0732451445490354	0.18991022387598025	0.520967778292468	0.25462685562146326	0.06483483560367351
-1.2803662741455557	-0.06202733124203528	0.7142835842439006	0.2202757643013901	0.04852141233856156
-1.1215621957829551	0.20820481088746431	0.327345466946682	0.2775211745595749	0.07701800232892606
-1.2590024323221454	-0.10583868423332424	0.4638667869567373	0.2491309812791418	0.0620662458331081
-1.3332714522755424	-0.25300960453164506	0.5777546265375532	0.2462662954334225	0.060647088266501725
-1.3380530202448844	-0.38284404368185765	0.42540172314597147	0.2844924952457456	0.08093597985115059
-1.21164170591775	-0.11891622893030594	0.2696001017995313	0.2987115892108313	0.08922861352886044
-1.2494096133001114	-0.2996421998234066	0.1925125034486131	0.333578061135922	0.1112743228712009
-1.1361797147417128	-0.011571223487717266	0.11824386466973627	0.335131029150143	0.11231280669923398
-0.9111685690498592	0.9356356197761532	0.4985465334652691	0.34196328651084074	0.11693888932129536
-1.0670077857434477	0.39933100062376636	0.3538261191718742	0.2870604653911668	0.08240371079059329
-0.8666687950766553	0.852526972759511	0.32153155056600385	0.3604287652822585	0.1299088948428934
-1.0003092663121012	0.49244586533674234	1.0161172216591583	0.25591814402031426	0.06549409643880232
-0.8871757337116455	0.5237126464856409	0.8537129749818114	0.3229872120699479	0.10432073916071752
-0.8028200173254189	0.5506580995559617	1.0332270247318753	0.3956622994360259	0.15654865519500338
-0.6145004797671425	0.5389990366957712	1.1011317263745937	0.5549681091931316	0.3079896022213996
-0.5952411416979559	0.6219662899939629	0.9196599085623046	0.5336855389628792	0.28482025449809883
-0.940123077788608	1.0283865956197367	0.6740329068564106	0.32277251437302	0.10418209603468143
-1.3874597863618905	-0.2648875739661338	0.7706489728679101	0.23292735412098026	0.054255152297800535
-1.4523207315353266	-0.33436809442212767	0.947153675751432	0.2734728605062367	0.0747874054334636
-1.5326199428834273	-0.5076159516441076	1.0067863571527416	0.2424892172959749	0.05880102050481453
-1.583473531438693	-0.5195667000967478	1.1999335289831083	0.2812334085572927	0.07909223008875309
-1.4993526667064858	-0.5659497330699484	0.8178661025299557	0.24364047546974538	0.0593606812871236
-1.575251087805379	-0.7376270248116398	0.8881999213446262	0.2709200591223539	0.07339767843485973
-1.5315042486218893	-0.7618393156508535	0.694045146877932	0.29829280944568853	0.08897860016700186
-1.5538162555911463	-0.9284823674270638	0.5848990543156452	0.3508931538396279	0.12312600541152076
-1.5628237707081334	-1.1178917909931998	0.5204624358041728	0.37622764440109413	0.14154724041159614
-1.4823202989340525	-1.0115179212969854	0.37130206683012396	0.3852567843465049	0.1484227898850094
-1.6423007173549673	-0.7982184538069284	1.0671990417915707	0.2689532646360684	0.07233585855839904
-1.6747883412191626	-0.7453793007244939	1.2578466637147996	0.24019359043398691	0.05769296088556985
-1.6520249137158582	-0.5809868917331293	1.378132879572957	0.28605146187412794	0.08182543884032568
-1.6611779550540318	-0.465755032949187	1.5417938480971463	0.3554413418364969	0.12633854748652945
-1.5102714498553482	-0.5502532624579346	1.6423866938255371	0.37912886771370347	0.14373869833387487
-1.737029576215028	-0.6172678981208141	1.6483531886826976	0.2791574419980191	0.0779288774228774
-1.8140651569320738	-0.7358970412348824	1.7899643736286983	0.2517086664073385	0.06335725274456083
-1.8867459384340173	-0.9126744153123645	1.848968368323321	0.2732390365348166	0.07465957108647486
-1.941284835393719	-1.1036116152628843	1.8226506366330568	0.3053905102387036	0.09326336374385573
-1.9114067157388404	-1.1656726564368598	1.6347962845903325	0.31910728617679035	0.10182946009111599
-2.018230245929876	-1.2374712807279693	1.9503422377453319	0.3206482255897377	0.10281528457384734
-1.4493527458007016	-0.8138426807822705	0.36220722735045274	0.3567858913262778	0.1272961722494865
-1.9083259702758595	-1.0451488662826163	2.0117067124658883	0.2981038480262659	0.08886590420806703
-1.7773253123049717	-0.7994241933646317	1.5745639983549464	0.24328807414701994	0.059189087022165875
-1.7658950138749503	-0.9040376670635303	1.40427680942337	0.2659235518264955	0.07071533541601883
-2.0833054659258865	-1.4182915896877106	2.0081130553719264	0.33736652294636915	0.11381617080492304
-1.9516358963382703	-1.4963943205111792	1.879215540635375	0.3599951585478652	0.1295965141779026
-0.970398862625309	1.2382945497612479	1.0144910990720182	0.3485181649429841	0.12146491129522509
-1.1902018700199346	0.18000753317288903	1.7306928489741886	0.35829966192342266	0.12837864773443897
-1.1869645373017463	0.005473832908325442	1.828317466586714	0.3819126449669507	0.14585726838565216
-1.2076635084878602	-0.17463391861540087	1.912821704639283	0.4125041130927657	0.1701596433184492
-1.2871328208257908	-0.3128816084127747	2.0336318461880856	0.4447234751344238	0.19777896933563843
-1.0393220915803352	0.19946464439978986	1.60077127750529	0.38827454106643006	0.15075711924034688
-1.1663473321923756	-0.4200772566005532	1.9143896460721095	0.485481340401082	0.23569213187763124
-1.1345203396409544	-0.6168993718261903	1.8916635263784516	0.5491840719175821	0.30160314484797607
-1.368641965723466	-0.8661257509389385	0.1859210999583057	0.39960523231313844	0.15968434169203732
-1.3653442395269355	-0.67187050114592	0.23342514233069417	0.3562136179607589	0.1268881416206935
-1.26998467458931	-0.6723967426384839	0.05706486904820864	0.4001410272351536	0.16011284167680392
-1.222485201892039	-0.4795147388573907	0.028996690030615373	0.38558368539660104	0.14867477844402502
-0.7575445311580894	1.011667381146419	0.2658224176225839	0.4118139636030842	0.16959074061848234
-0.7135267770100131	0.9044411705698182	0.10278834712860495	0.4312351187256498	0.18596372762232527
-0.6503393457432186	1.1756340901956013	0.2224003988863054	0.4462915923137006	0.1991761853698983
-0.5566166900051026	1.3529608351721478	0.2208273852644038	0.4561562805394535	0.2080785522755886
-0.6423389954227877	1.3903134836429887	0.39820248394038693	0.4345975606448945	0.18887503971849276
-1.4066341721189652	-0.4350689399025028	0.6203258456196713	0.25035815356857316	0.06267920505826526
-0.8554028136085968	0.17487146525217714	1.5238484542101425	0.47556408742293466	0.22616120124640865
-0.7531664503519461	1.308307803215693	0.5442996998662197	0.4079827786412089	0.1664499476678017
-0.8525304805744415	1.2654106279288906	0.712995178703478	0.3740012306972918	0.1398769205630889
-1.6755650670514828	0.9262698069784268	3.3056953988717757	0.4404051114628155	0.193956662202575
-0.8955905383730081	0.0022627759493533033	1.6184716344496866	0.48684032841144964	0.23701350536776816
-1.0726956215648236	1.3181092848306477	1.492367855822049	0.34353503745200353	0.11801632195714946
-1.5892433406029889	0.6028700139343951	2.567807339771664	0.29752500552734984	0.08852112891404956
-0.9470550320759444	0.43604277819842807	1.3099306144895269	0.33987088005315913	0.1155122151081089
-0.5853471706569691	1.0006329423757283	-0.018449964583041104	0.4671298259746816	0.21821027431513634
-2.246650780541355	-0.8565048799341884	3.3128615096396588	0.38301799282954035	0.14670278283116983
-1.824192775308592	0.41978662209718726	3.2311533288386176	0.3395508720147481	0.11529479468597585
-1.7495276460596472	0.5896945683126075	3.1560379206904354	0.3399547227415729	0.11556921351429969
-1.6722373993359085	0.6334819767050014	2.9766349479205716	0.35347932234952334	0.12494763132867823
-1.6049152283887675	0.8169091795933393	2.9338407302781118	0.3515677275156769	0.12359986703053721
-1.5829827087006298	0.99514283388032	3.0220294166522716	0.36402793409725664	0.13251633680311664
-1.6535389176374242	0.8310116060827334	3.127524699547543	0.35516864099878676	0.12614476354892507
-1.6824522499339656	0.48170559220163967	2.8458958045232614	0.32140845675447755	0.10330339607329488
-1.6370766382814548	-0.9288893075526988	0.8889316240739675	0.3136341357643944	0.09836637111667858
-1.448335587921184	-0.9875815257726163	0.8538810379668312	0.35353255799000866	0.12498526955895883
-1.3989483346679445	-1.1741219932052889	0.2875328833468435	0.4517307153869746	0.2040606392240279
-1.2811349253581517	-1.1029438085660104	0.1415782772477365	0.47915687463658163	0.2295913105114968
-1.2384878104561121	-1.2834897434130015	0.3392411624443819	0.5154076413163716	0.26564503672730555
-1.1012167621590685	-1.250281984175627	0.4814774851317511	0.5393563625032688	0.2909052857727575
-2.005483776798199	-1.4472074202119531	1.6918659361030843	0.34012457789701145	0.1156847284896202
-1.9652743443975418	-1.5835812879498343	1.5509387254747407	0.4031300059753909	0.1625138017177187
-1.91988240702608	-1.4813786085422402	1.3847834082737627	0.3605778830686845	0.1300164097582939
-1.8657746866548148	-1.3018697330925808	1.3122170639998638	0.3182274287450199	0.10126869640566671
-1.8287114885478937	-1.388464862790441	1.135186002913585	0.34540678798791424	0.11930584918812792
-1.7494474955439585	-1.5024656648242218	0.9909802441436458	0.41491056688979894	0.17215077851681432
-1.7468953131405094	-1.3129792298228324	0.926530834974187	0.3563622560500615	0.1269940575370896
-1.693337369900874	-1.494575731677233	1.238057967429691	0.38094134645126254	0.14511630943610082
-1.795672520644464	-1.1247862729219797	1.2485212286442238	0.31923145783697465	0.10190872367272011
-1.6631565321508328	-1.4458519074676592	0.8011899485650884	0.428680625096733	0.18376707833332573
-1.4910636772610195	-1.4289010518864067	0.7001264297534043	0.4507632716282867	0.2031875270490366
-1.6673706031287454	-1.255714428617328	0.7362229174128397	0.3735528813970118	0.13954175520000997
-0.965586355862024	-1.1364915904259056	0.576926884573999	0.5910264098082906	0.34931221709087745
-2.140657144271645	-1.5130277758062578	2.1760232664794708	0.3921838650674787	0.15380818401926635
-1.1794405405965505	0.9001725696421126	1.3851914344853402	0.27043383079230726	0.07313445683700229
-0.8753874339012493	1.3679031026556339	0.8846183979983767	0.38319935555752904	0.14684174609970554
-1.045013035425174	0.31431961254548435	0.17278648243138872	0.3243471685093449	0.10520108572002938
-0.9838045684274779	0.22194972931946297	0.006218143618365078	0.36489343251366785	0.13314721709160668
-0.944831797003241	0.4835108347826435	0.13401698987188557	0.3385114650883209	0.11459001199624151
-0.9846753348881607	0.5874340300930178	0.30089850982312993	0.32285551555426506	0.10423568392381029
-1.4978625589378423	0.23650066952237228	1.7844874379613302	0.3398419439184986	0.11549254684630396
-1.5968894149572286	-0.5044161234345769	1.8181533051937788	0.364895025530403	0.13314837965683346
-1.5802685280996147	-0.305627981124854	1.8015522447216181	0.41191322356380544	0.16967250374672554
-0.5082867650657059	1.246792776506466	0.05681767992273497	0.47029168849902586	0.22117427227126477
-0.38558585025002434	1.3725025017830406	-0.039267405534216156	0.45615929365424374	0.20808130118713858
-1.7818680340669366	-0.5610974543929559	1.8844029364885013	0.2852917304103114	0.08139137144050981
-1.8475256169955185	-1.1201546219740324	1.4494373473562883	0.3095629756288819	0.09582923588020772
-1.9662115556694622	0.2646028240693703	3.5946152451971853	0.4236765163655928	0.1795017905196844
-1.0526588342748207	1.4796038365955357	1.6108664968975444	0.3717078461286564	0.1381667228736049
-1.1287502264170999	1.3627771820794625	1.755670096458923	0.3591831550575303	0.12901253887708186
-1.1188171890034768	1.5078783131167497	1.8944400711722906	0.3653613339165807	0.13348890432130317
-0.25544720170626656	1.4708896913772154	-0.15727480201328958	0.46318283021440565	0.21453833420542692
-0.22139830684070405	1.650592324270895	-0.07616880569717431	0.5215970136247411	0.2720634446222483
-0.1699655719909596	1.3995703763473528	-0.323639254181114	0.4733101459727469	0.22402249428074297
-0.20141294197839243	1.2159512377014676	-0.39749845818519614	0.48317615522081236	0.23345919697396655
-0.1292765721715537	1.1064562387580528	-0.5489614028827012	0.4916824677983329	0.24175164914025868
-0.1020307763409124	0.9439181269944922	-0.6622926475400625	0.5098464512088778	0.2599434038102867
0.0029895543032412886	1.2279359245266435	-0.6380827378297261	0.4720365581819779	0.22281851226028784
-0.31077459580103256	1.697788012612683	0.0972068622249781	0.49867874999748457	0.2486804956990537
-0.06670632218966496	1.3427468799184892	-0.48891398010244486	0.4835322629444754	0.23380344930820526
-0.405097402244793	1.7229211817502947	0.2726761852843213	0.4769720739942608	0.2275023593703866
-0.11527676092058906	1.627689310498458	-0.24531614209928587	0.5425101907871789	0.2943173071079412
0.08302671796359537	1.412720892446366	-0.6375369423207958	0.5298075036751393	0.28069599095048275
-1.3723974998737356	-0.15360789921534576	2.1226485476680934	0.4014279546842917	0.16114440280201375
-0.7920851203228456	0.33386602117927267	1.3880923169767767	0.47536145377126254	0.22596851173152815
-1.8494836230965763	0.2521690339653187	3.122347345454163	0.35338639870028743	0.1248819467863585
-1.7646591987733753	0.2944862609749018	2.9447232251718924	0.3311126671488231	0.10963559834640732
-0.41420866853322136	1.8657622147936606	0.414431300450847	0.5332806734207526	0.2843882766440914
-0.5046316754074991	1.8767530196432016	0.592618993991932	0.4992751820511977	0.2492757074122566
-0.6070864077534633	1.70954042651868	0.6328575183909053	0.4198672529434219	0.17628851009425545
-0.6617947414354064	1.526669430971131	0.5722195061462216	0.4122403714239839	0.1699421238317842
-0.7147403429815271	1.6152341703073578	0.7731550556729032	0.3948882629098938	0.15593674018399342
-0.8070364640977032	1.5832023265682653	0.9482909747325957	0.3885422736904204	0.15096509844452155
-0.8908407592787653	1.5400447277357558	1.1253209050425663	0.3978111891026813	0.15825374217528929
-0.8343935842967998	1.7226765219825755	1.1861945710642523	0.40372454067439384	0.1629935047427503
-0.9261072421215366	1.6007538810740967	1.31609009590729	0.38703619159624986	0.14979701360532902
-0.7362171898618168	1.857862469182617	1.0744836177392822	0.46756340761539916	0.2186155401409239
-0.6391212732465918	1.9144652433431333	0.9086711639643308	0.49856583978264646	0.2485678965981755
-0.7883304550049562	1.9065489781989189	1.2628835594365075	0.48071002637728505	0.23108212945965007
-0.854357719383796	0.7127012983977015	0.17700134977691126	0.37592436174412897	0.14131912575273073
-1.4287499082928057	-0.59878354291744	0.5049357633395123	0.29097331325840925	0.08466546902857636
-0.9789130421949611	1.0882632784475201	0.8625491286157516	0.3207656532293664	0.10289060429166214
-0.5265362872245732	1.5355153884273163	0.31985838815842116	0.4202678360607329	0.1766250540271711
-1.0447867189848907	1.6839144931268033	1.829915286769204	0.38959810238112014	0.15178668137896975
-0.9694061005893068	1.8582739187963526	1.7671521703327406	0.46594813459903484	0.21710766413632027
-1.0380039381102246	1.8213849424502648	1.975857093679433	0.47095231153635153	0.22179607974143273
-1.111012602228299	1.717520548386223	2.1307275707268194	0.4442506130278496	0.19735860717562015
-2.150955188191346	-1.365542712095885	2.3224432897796223	0.3397854591729775	0.11545415826539115
-1.1201365800782355	-1.2149777713619099	0.1881453835741307	0.5395957645532959	0.291163589123856
-1.2492301427236292	1.4683040542995123	2.3382533900706926	0.37704410731663013	0.1421622588621945
-1.2478066080753007	1.5960884097070627	2.4921441713312613	0.45639778788377977	0.20829894078520764
-0.33136805446017564	1.1858761957326542	-0.24621217360300882	0.48632053660634617	0.2365076643250845
-0.3945308488477807	0.998985974119528	-0.28150342625412267	0.5001404442928064	0.25014046401740575
-0.3378454368204284	0.8707984065267657	-0.4260948508998191	0.5191454551782962	0.26951200363228034
-0.43772306006526535	0.6997751413615971	-0.3977459631843001	0.5099306926818346	0.2600293113389756
-0.5195527625083061	0.7977198287408911	-0.24340375977999273	0.49821594191707336	0.2482191247803166
-0.6208511561592397	0.6271922081905537	-0.2163306894857365	0.48292201201195395	0.2332136696856738
-0.6975817394567225	0.7168794461734842	-0.05403809569500186	0.43878152304521045	0.19252922496587455
-0.7996146473954441	0.5461645721537679	-0.029139423782223572	0.4005427614866074	0.16043450377931726
-0.7284181068557	0.4413994505210937	-0.18500220208512694	0.448612842411069	0.20125348237613863
-1.5455323484782277	1.1727721603353938	3.1099878647032893	0.45371927019969305	0.20586117615054206
-1.4780446352031542	1.2492582022481704	2.9378981301365505	0.4258016421059344	0.18130703842011026
-1.3990464826115783	1.3999561318227756	2.832485059054002	0.4572358204361143	0.2090645954898866
-1.160588257185974	-0.20799479258619713	0.03624816183273249	0.3678760990180764	0.13533282422875756
-1.0100798614580047	1.3457096652568974	1.3025190036086436	0.35135946708278876	0.12345347510870133
-1.0485358883145075	1.0220197007772005	1.0400107016467657	0.3065506659067759	0.09397331076788773
-1.8759729210831033	-0.7546008351928566	2.00171444636749	0.24737615086380216	0.06119496001619061
-1.6079900061895558	0.6928318689336264	2.7476136300802234	0.33297707906568236	0.11087373518311368
-1.5437468583813272	0.8819393815311624	2.7351444142564505	0.3588632031973083	0.12878279860903258
-1.519438890533084	0.8053667971784932	2.5506574080681537	0.3253907642906695	0.10587914948566603
-2.0830879931861244	-0.08315776735042063	3.61955120253221	0.412291763671938	0.16998449839171714
-0.9474606692364733	0.34572607082677975	0.54731840528241	0.29881134111758323	0.0892882175804887
-1.709453833133972	-0.9872529151837437	1.0907050165563787	0.3038948231696324	0.09235206354930213
-1.4887341758492234	1.0901381232143004	2.8139126288796628	0.35926997010780215	0.12907491142126104
-1.0427602528732847	-0.22761522502645476	0.24774596270042573	0.3625428368715597	0.13143730856687832
-1.6856024925605524	-0.869138058332492	1.8709571278534345	0.300732355667221	0.0904399497451559
-1.5513084907592982	-1.4461832731033142	0.9695230682532171	0.4166411700974083	0.17358986462013754
-1.3963699491876504	-1.3360465731160025	0.9034550219051446	0.4284821964788972	0.18359699269938026
-1.3036854848683357	-1.3227359109144476	0.7244583969547167	0.4696771482715103	0.22059662360845828
-1.3353230042471096	-1.3552606307533914	0.5284167128704464	0.4840611015301882	0.23431515001461917
-0.9813059717790179	-0.6157858722152746	1.759375664157712	0.5363775901789495	0.2877009192461771
-0.8784752770896049	-0.4620346440541001	1.6811569391380272	0.48871134725462595	0.2388387809354316
-0.8037412253333979	-0.28840856530263176	1.6146842705138094	0.5179320040509419	0.2682535608202249
-0.6481474762469221	-0.3474327671599197	1.502365479560694	0.5475261911059646	0.2997849299470053
-0.7092300466943046	-0.5350315844232526	1.5418888354648075	0.5076311379289523	0.25768937219504306
-0.6372399859332375	-0.705508402703169	1.4632338717706357	0.5058816177461066	0.25591621117341795
-0.6934069309628251	-0.1486157269603389	1.5197213978141182	0.5507156818360782	0.3032877622201765
-2.223728641079577	-0.6889555870997272	3.4242533211073267	0.39591342104566346	0.15674743696408078
-0.49152799571206013	-0.6280309888510615	1.3457608384149076	0.5052550742630417	0.2552826900685518
-1.9617338453859627	-0.25828652127681	3.0743558458369895	0.3411675963022867	0.11639532876668007
-2.066967044442694	-0.3381230584382591	3.225951484846781	0.3384989114594862	0.11458151305925705
-0.7812810386466761	-0.7971507444803543	1.5723833108457042	0.5434227062221829	0.2953082376378409
-0.9335700389944641	-0.8075794417740593	1.7028835156147413	0.5910083440002354	0.34929086267790055
-0.7582484651465526	-0.9886506333541019	1.5145742860219429	0.5997637908222484	0.35971660478147377
-0.654457014011347	-1.1021914708223512	1.385863967595497	0.6099480006234703	0.3720365634645689
-0.5435478548679052	-1.1955737652600615	1.2453227337420756	0.615613624970602	0.37898013524944507
-0.3990327460245437	-1.121380239371239	1.1250335219816	0.5495706386525324	0.3020278868689524
-0.27894048799117416	-1.179109989860701	0.97577233836917	0.5127246636080623	0.2628865806720007
-0.16957977586854026	-1.2492030733236226	0.8235956225624825	0.4966223789920491	0.24663378731572244
-0.37586876094433225	-0.927329647691761	1.1683203409843288	0.49462933531184605	0.24465817935103862
-0.3421220138315418	-1.3687924312322541	0.9604904244748581	0.6019540871531824	0.3623487230404211
-0.24933516028427596	-0.9825690260098716	1.0225720200073558	0.48030079114018526	0.23068884996988784
-0.08505594386557097	-1.3499263504959191	0.6713508778055162	0.4912808807091368	0.24135690375034508
-0.1680183300897272	-1.5319606706156952	0.6733273918913092	0.5821108450625095	0.3388530359393889
-0.03101482072139964	-1.1565062973532685	0.7108978588270071	0.4597126432154626	0.21133571433214723
-0.08092404617280648	-1.0043794177858105	0.8330967175522798	0.4833993989637316	0.23367497891849695
-0.5201222729416799	-0.9157348953103002	1.3085160973772736	0.5331336335204828	0.28423147119075254
-0.06899920891458625	-1.597553488625981	0.5104831914444516	0.5814013062265048	0.338027478881886
0.02866015928863006	-1.4230859959773319	0.4895379634299529	0.47973706169134644	0.23014764836024673
0.132427181537246	-1.4738862278931668	0.3255284385775682	0.4721266849869594	0.22290360667677564
0.06080116773971787	-1.660244114586492	0.2984112750263974	0.5565710036986123	0.3097712821580807
0.13452054279597783	-1.7456666191964827	0.1331210320688443	0.5670026913699564	0.3214920520207741
0.24156383531901082	-1.7571785126242383	-0.03604904812472131	0.5439634687834757	0.2958962553709513
0.36566519971205136	-1.6658654525603573	-0.16371741564610032	0.47465348134865043	0.22529592735639362
0.3298966757827159	-1.8451394216747161	-0.251021628959058	0.5614293684381033	0.31520293574480757
0.43192980285917987	-1.8391470119305622	-0.42487722549088774	0.5308760762719885	0.2818294083579422
0.5511007764589652	-1.7136623893105134	-0.5268969314587593	0.45932502929250146	0.2109794825345573
0.606684499801209	-1.780301084594371	-0.7075683347117011	0.4545862911362609	0.2066486960890214
0.7160329830466412	-1.627834916527992	-0.7810754549360853	0.4035759100895916	0.1628735152046421
0.6587717453641213	-1.8499077099113792	-0.889561794781063	0.46989606423809954	0.22080231118645618
0.7565928946761143	-1.7969121216235335	-1.0576948971668843	0.4230851058999515	0.1790010068343732
0.7526693778238714	-1.935607517599389	-1.2032178126889768	0.49431987293243057	0.24435213677593431
0.8511352372580703	-1.7916289897250932	-1.3037262372308922	0.41185275965344403	0.16962269563415755
0.9414592376208195	-1.652389638462685	-1.4158020107544926	0.37440004646484326	0.14017539479287677
0.9762596948461582	-1.4777501939367068	-1.3237205802574235	0.3738458258112691	0.13976070147650974
0.8591330456725467	-1.9091221275222254	-1.4661052850372358	0.480010575865166	0.2304101529424083
1.044607584479911	-1.393968893364962	-1.4928023282295555	0.36265716897150024	0.13152022220642326
0.9239415514199393	-1.897072142782552	-1.6559905248945272	0.4856966262528968	0.23590121275344608
0.9998444763633644	-1.8161773301593516	-1.8227548170003327	0.4638355230731496	0.21514339246454234
1.0580038489916972	-1.7912365956288212	-2.0129420389256207	0.4790352889947338	0.22947480810226814
1.1357364213801777	-1.6417877333261883	-2.1219411159974224	0.41849928236847256	0.1751416493429265
1.1707220021652345	-1.4639451676367643	-2.036625449598177	0.36838337661503473	0.1357063121662945
1.2132094607887363	-1.4944367244393677	-2.2341116841718507	0.3768033947222982	0.14198079827424803
1.2890102532728525	-1.378612764242737	-2.378843258310672	0.36859202910071426	0.13586008391658178
1.2572345343474092	-1.5482715050917688	-2.4799831727497903	0.4368085366092151	0.19080169765468402
1.0956720639551405	-1.5712147345071696	-1.8842975334993748	0.3738325105819798	0.13975074596802603
1.0310339162403663	-1.620822907271652	-1.7010675325224187	0.37298632449010477	0.13911879825663773
1.0751664355079955	-1.2249102217163808	-1.3874515291529612	0.324613992962145	0.10537424442682751
1.1242473514161824	-1.035734961923889	-1.3421371431684697	0.29005365103730435	0.08413112048007032
1.1836479864583944	-1.007185993483118	-1.5312702591494929	0.2835380960332562	0.080393851902164
1.2301399926083447	-1.0231703169267816	-1.7254275438391256	0.29861756320532545	0.08917244905468653
1.1540675666957465	-1.184665154409841	-1.6348579799753689	0.32422787823278837	0.10512371702333584
1.2944162073927679	-0.8338677805081725	-1.7377928751418177	0.2687083012517287	0.07220415116158978
1.254567927778745	-0.7983131483805825	-1.544557076179807	0.25418561328274597	0.06461032599992568
1.253072931185008	-0.5992181157178432	-1.5210243842840665	0.23514836235810674	0.05529475231969947
1.3441781128377437	-0.8390174724770202	-1.9319416085406587	0.28557419639880627	0.08155262164882399
1.4028881503474802	-0.7700214112363616	-2.1107364532964787	0.2837880429943409	0.08053565334655788
1.4876412941151964	-0.6074122912694802	-2.1907814965631567	0.27892647047496594	0.07779997593162205
1.5640909250299861	-0.483955911122418	-2.328921563276301	0.267526994638138	0.07157069286011433
1.5243408135297867	-0.6665974709069437	-2.400812639190283	0.29111980497961365	0.08475074085136829
1.4894197796177018	-0.8445630237290478	-2.485163955952602	0.32657277242535077	0.10664977568957995
1.5090722603618176	-0.9312175572886349	-2.6643527482467473	0.3533131308393819	0.12483016842352618
1.1304773652917621	-0.897256885870579	-1.197227578831987	0.26505014501338614	0.07025157937161701
1.0918701055386812	-0.8583542864984308	-1.0045945796958486	0.2678977490965645	0.07176920397100583
1.164528153550836	-0.6903460309578339	-1.0853885748603054	0.2393491280247616	0.05728800508621373
1.1874324006644346	-0.6842758453228661	-1.2840052795913228	0.23728296441777724	0.056303205202888146
1.229501684750385	-0.4911848274374007	-1.3156095473956289	0.23851427143238127	0.05688905767691965
1.1784007198802733	-0.3828766462317908	-1.4758609027088678	0.28501972496440686	0.08123624361878613
1.1395890858549826	-0.43067400970482916	-1.1473905147650882	0.23743855267828154	0.05637706629795708
1.2110823583006107	-0.3739523500296383	-0.9693016217432885	0.23257361852681047	0.054090488034654355
1.0419552659347286	-0.4481438132484437	-0.8923657300089562	0.2315993554784269	0.05363826145802274
1.2573325438491476	-0.35512255368392043	-1.6578607580518463	0.27821773091017676	0.07740510579280753
1.4425304396603367	-0.2837580617264124	-1.6316465048533721	0.3499885238453924	0.12249196682347682
1.11675710514194	-0.5849476329519173	-0.766505669831965	0.2406932512021585	0.05793324117426538
1.0737525998030006	-0.5588508078913778	-0.5728481573433933	0.26616976139762666	0.07084634188246951
1.0733599160559126	-0.43214542100643466	-0.41763132069329867	0.28529266132522063	0.08139190260602704
1.149977284689325	-0.30562528980603604	-0.5526156440400664	0.24223042034160275	0.05867557653886956
1.1726428030092186	-0.13166888465391113	-0.6494403709821281	0.22282815286014584	0.04965238570706452
1.2352560627529703	-0.16426129899079425	-0.8365789174499577	0.2544284110297354	0.06473381633911597
1.2178610361614342	-0.03520064467522948	-0.48008538404734585	0.2421454909784762	0.058634438801207306
1.2803207990618584	0.15485711852072223	-0.48466211096487904	0.2495972221075803	0.06229877328382078
1.215273830177075	0.10296451074416789	-0.3026650757848401	0.2886698033530969	0.08333025536791562
1.3269358174706114	0.30067647904460204	-0.6136899399376544	0.23448666294298084	0.054983995098135105
1.416812077685944	0.47917802308361673	-0.6051243388615881	0.2601021884076391	0.06765314841444299
1.3537197181108087	0.16063375887389245	-0.7540931414256662	0.22698565964796366	0.051522489685821196
1.397124144632126	0.5658621218700417	-0.4257647576243791	0.3094927358935826	0.09578575357089487
1.4197611306230302	0.3008861484008476	-0.8808421016991528	0.2530457207355774	0.06403213678258782
1.3462257633734513	0.5862224943580623	-0.233120487351031	0.3590770648597505	0.12893633850829345
1.258026615827406	0.47157079097684645	-0.09484247376835035	0.3711448983263545	0.13774853555368002
1.4841797686600315	0.5503197026691052	-0.7798991759266449	0.24281876007350406	0.05896095024363393
1.4568791746400547	0.7263426467806603	-0.6886188557822619	0.2898420398126269	0.08400840804274441
1.2095412261006178	0.22234292497938724	-0.14170763181301574	0.3348240042511181	0.11210711382275274
1.0594293221685092	-1.0786294505147236	-1.1497469628663872	0.30272474011091205	0.09164226827521925
1.0060041318946176	-1.2693326050813083	-1.1799458495118338	0.34218205761226367	0.11708856055176255
1.1579433175368437	-0.3914040510232272	-0.7341899782441546	0.22005396165710311	0.0484237460409858
1.5252063054652465	0.8588007165719529	-0.5544632384295891	0.33803094652958676	0.11426492081168836
1.4783746216480174	0.940337974074404	-0.37783796912237233	0.37889312456711033	0.14355999984422776
1.543967283172845	1.0973379924376185	-0.48362097725126785	0.36763797592566716	0.13515768134272144
1.607433824034498	1.041255425132778	-0.6648596821103225	0.3508324378421204	0.12308339944224529
1.589643926546422	1.2669350059130047	-0.580041556686973	0.38781262800759886	0.15039863444216026
1.623285105568812	1.408940887811281	-0.7171382280333468	0.4105913783646626	0.16858527998739353
1.7221603079463732	1.3119171297345777	-0.861716609487498	0.3597349787256056	0.1294092549187119
1.7558849991026941	1.1973925748721994	-1.0226639703364826	0.3356390538645165	0.11265357447906779
1.6224231709946346	1.0768759799273906	-1.110386765516371	0.3251138423832869	0.10569901050922473
1.8142699000951061	1.2135048410906202	-1.2138462666907888	0.33041373359618875	0.1091732353489732
1.3309850430329926	-0.39541175974389065	-1.840001053819002	0.2741970249561381	0.07518400849479705
1.3646486876020012	-0.25888343956355475	-1.9827747609469375	0.2958986628673649	0.08755601868669446
1.553854328370361	-0.28090218526706556	-2.0437577211260973	0.29757644389115323	0.08855173995890468
1.268592147813598	-0.20104919129368204	-1.8166964860521286	0.3104772864367986	0.0963961453931579
1.4130611198861387	-0.13583391032129402	-2.133470646695544	0.3197059415871719	0.10221188908614016
0.9982999385499018	-0.7262820538463005	-0.49224381625347385	0.3085945356007724	0.09523058740265639
0.9496303863217966	-0.6669040910692312	-0.3071198337910875	0.329162641981527	0.10834804487625893
0.8528016846909373	-0.6639189817946578	-0.1319167134872053	0.36789952275037646	0.13535005883995477
0.8830653927392432	-0.8504216173488109	-0.3516377486775928	0.3519829536945144	0.12389199969151464
0.7903465036986262	-1.0274070428687834	-0.33992245212829	0.3920589273981117	0.15371020255255782
0.9904055556501814	-0.4914354693471017	-0.21926968421801724	0.32802010544195553	0.10759718957415162
1.0691871660259564	-0.31068570218268887	-0.25445623034347176	0.3098112620458338	0.0959830180904323
0.9867435699779993	-0.31922498548509953	-0.07215168459312361	0.34946313714569044	0.12212448422370764
0.8781527048378628	-0.28648680653834485	0.09257924459385587	0.40323139195492	0.16259555545790236
0.9517599587267436	-0.10061544137740105	0.10365177165508178	0.3978263299920605	0.15826578883495185
1.0823241226367244	-0.023832622987733813	-0.026957083234507927	0.35481364445713326	0.12589272229295298
0.6719063728818345	-1.1570367534364934	-0.24325795284937995	0.43904502604354784	0.19276053489357958
0.8801213189746531	-1.0227165353467442	-0.5191593931407379	0.3503088320420215	0.12271627780664525
0.9746731788561986	-0.9447904892468594	-0.6773395850753772	0.31024268107562497	0.09625052116099195
0.9241709508678749	-1.126969025219369	-0.74288052410349	0.3409575521756922	0.11625205238563986
0.7785316915615229	-0.5847434311668084	0.03668010099093034	0.4124942370843178	0.1701514956277734
1.4522563132168138	1.2471178005510988	-0.38671950425188495	0.4398975505201182	0.19350985495359993
1.6213245105852696	-0.29241279988927993	-2.3121637197891616	0.2877400864737631	0.08279435736392866
1.4317933637496245	-1.0770779356939797	-2.550313467446102	0.35490915107971127	0.12596050552012134
1.3579575242288044	-1.17643012398863	-2.392797135753914	0.3603275139252772	0.12983591729157082
1.290096298759967	-1.2414832796703468	-2.216156259022335	0.35960730199158575	0.12931741164566754
1.3358450145292442	-1.0544341769948984	-2.161450552403384	0.3337015212358685	0.11135670527513279
1.3550356664904555	-1.2962263717116713	-2.553195672419879	0.35685744660065877	0.12734723719434202
1.4071022400314976	-0.9715559793437334	-2.329248604693289	0.3327579585016586	0.11072785894619155
1.3415670957056138	-1.4557455049351111	-2.673903755628568	0.4351776213935328	0.18937956216173293
1.5050793160077818	-0.26396482993388787	-1.8395010561236094	0.3291048961910991	0.10831003269695412
1.4663654898919416	1.4127642221514556	-0.8422558332150603	0.4233169302907853	0.1791972234708136
1.531781465786908	1.4130206431121979	-1.0316100883493056	0.39928920224012304	0.15943186702555387
0.9857479227492515	-1.1279304399041674	-0.93393925147183	0.3182373963271493	0.1012750404210831
1.3663539247186482	1.142598227726321	-0.2384144611879917	0.44947890649954053	0.2020312873880227
1.6246898996518626	-0.11256493198470859	-2.223039902814756	0.3055373250412824	0.09335305699338226
1.3189370018338846	0.40845865372831913	-0.3223314731437402	0.31299845856348396	0.09796803506311698
1.5036838573310967	1.2933289980343967	-1.1903889777325531	0.4001090524595252	0.16008725386005912
1.8766325587515706	1.391363128989606	-1.2831694243815213	0.3393437174434805	0.11515415856836075
1.887929879246691	1.2604213467501761	-1.4340626812472923	0.3244447629478227	0.10526440420426889
1.952194922559354	1.3128609264932511	-1.616331312748359	0.31295404301716334	0.09794023304078853
1.7624788229710737	1.3766656362565586	-1.611096214036231	0.3419875914523241	0.11695551270736175
1.8149221040888	1.562660519199161	-1.1995749915179632	0.41513661074674596	0.1723384055822953
1.8812542444889093	1.588979203640087	-1.3867103636038873	0.40530736218611413	0.1642740578422659
1.7321062642620166	1.5278494580670496	-1.0204212910727462	0.41317920012315457	0.1707170514144098
1.9986953088296222	1.5069159374810757	-1.6361862129480675	0.3578351744521456	0.12804601207519747
0.9451824967387965	-0.3474044608360019	-0.5469357763068897	0.3049148257555982	0.09297305096556681
1.4513655740804707	-0.5615507828310888	-1.998639934240215	0.272384968253135	0.07419357093026137
1.3786196660958816	-0.6526907468946025	-1.835170234603802	0.260094382260654	0.0676490876835512
1.4673607740843364	-1.1064675641815007	-2.753193022108172	0.3434373007146478	0.1179491795221634
1.5431743518915562	-0.9695164888146341	-2.8782248539114916	0.3434970040350697	0.11799019178106872
1.6277533317574044	-0.8554029479572217	-3.0199891832891046	0.3431162426308933	0.11772875595714202
1.7047150503853035	-0.7074277649781555	-3.130431764885876	0.34026228711615353	0.11577842403351568
1.7698020225680342	-0.5182502576262077	-3.1454078021155327	0.34304653128049545	0.11768092262357993
1.8026514877866406	-0.5376111126065839	-3.3418907812789063	0.3574753240912588	0.1277886073341505
1.853123567427052	-0.3590613691444144	-3.2666288668492816	0.33259657270900406	0.11062048017777582
1.701570285640725	-0.5851733295623346	-2.969399055525123	0.34908865777320197	0.12186289098589571
1.6573027578381658	-0.5136852909771714	-2.7877243076573466	0.31878543095489786	0.10162415098909997
1.6045092973910589	-0.702651724439288	-2.7464063139031967	0.33148275712266023	0.10988081826964056
1.6183955078967314	-0.5321882437345687	-2.5918226845811794	0.2887650274163207	0.08338524105874845
1.6758040313546292	-0.34060568590933504	-2.575719029979904	0.2680734202295141	0.07186335863354966
1.7251917467131181	-0.15149528740391713	-2.5320552172591686	0.25529224414845125	0.06517412992235246
1.6428634048630466	-0.9502503572592321	-3.1962012798739026	0.401257895482605	0.16100789868712914
1.565985704023691	-1.0883577595998275	-3.0735791097827003	0.3982222411040671	0.15858095330994576
1.930023431129523	-0.2203537867825754	-3.3898133059370625	0.33490947534301824	0.11216435667453573
1.9680192221032702	-0.039453890856000845	-3.311634637881895	0.32569893640486564	0.10607979717526073
2.0174002185624405	-0.0408486996552327	-3.5058266436976457	0.3505845551314568	0.1229095302967215
2.088022946717883	0.13849306608367623	-3.5611430905740202	0.38008082682189026	0.14446143491761174
2.117063832359422	0.3085247188768331	-3.4593822210561007	0.3394026708161589	0.11519417295714192
2.184783434739962	0.48877437929852574	-3.5144404183840474	0.4027168564970634	0.16218086650687635
2.0510194707050324	0.24288642609982136	-3.281779401408563	0.3275616010845882	0.10729660250509888
1.974249449028531	0.10879224603294757	-3.1542188454852416	0.3339104385118773	0.1114961809471942
1.9010898604686048	0.03902868289283079	-2.981341485182875	0.31715136934948845	0.10058499108025566
1.8871007140847955	0.12801689768894214	-2.8026121664206323	0.28076804607162237	0.07883069569487665
1.8130763265832734	0.027904968186739897	-2.645628757514364	0.25982081677706004	0.0675068568306986
1.8675617493879773	0.21864905759499817	-2.619446666559778	0.25829367677740517	0.06671562346319065
1.820558814429323	0.23282735882787142	-2.425417137342583	0.2528587262393693	0.0639375354353963
1.8949251408815189	0.4036796143082731	-2.498127215021684	0.2581325507286175	0.0666324137456623
1.9447796872866598	0.3615826975490095	-2.7363853520592376	0.28432719890942343	0.08084195603967884
1.984285920609065	0.5438063473609727	-2.664024102802876	0.2871272600060787	0.08244206343859832
2.0579556851290945	0.642298572767399	-2.822029243714155	0.3301274113875082	0.10898410774941707
1.7994187789369573	0.31662277882973455	-2.2447865508606943	0.27773796531660877	0.07713837737820976
1.7629889461251418	0.04145743274660486	-2.4402095823544157	0.2587873278231971	0.06697088104187088
2.0122718992930433	0.290001098532785	-3.0774649176859996	0.33873505316657937	0.11474143624376534
1.9010263283650726	-0.09730445152132378	-3.128525302184956	0.33525977685499	0.11239911797685767
1.8252265653987014	-0.26042279999347556	-3.0410024777844185	0.3315538532702523	0.10992795761835197
2.012365092165553	0.7145973238336468	-2.562499487217544	0.3029137665935936	0.09175674999191809
1.9659011667006088	0.7306546102451882	-2.3680092694459254	0.2814145689170308	0.07919415959875829
1.8075498038364797	0.6390228079593282	-2.287138273865833	0.260244022909534	0.06772695146013807
1.9439574871532903	0.8121888723575031	-2.1864056044259748	0.2692268450103765	0.0724830940742413
2.019136273262756	0.922838394779684	-2.3352681493124576	0.30540170954558316	0.09327020419336472
1.9206758967029371	0.8905356454789695	-2.003631164131524	0.26891181093756183	0.072313562061719
2.095426322497211	1.04423306336316	-2.4752780408144326	0.3288819562780967	0.10816334116530789
2.1391680311122157	1.2319601767598831	-2.419787388494101	0.3153785676934734	0.09946364096038679
2.1657274096727064	1.4132011270909575	-2.33916697842477	0.35689062223666695	0.1273709162404753
1.8567219596680835	0.7003157800412906	-2.003727913482325	0.23740351796809708	0.056360430343628594
1.781884176041765	0.5822969710662114	-1.860627006385157	0.27210278199925336	0.07403992397173319
1.8277561421403559	0.5271454817299919	-2.0998050920958136	0.2597393524486995	0.06746453121046975
1.829742313659555	0.769845561446765	-1.8096355284508274	0.24238457110278344	0.05875028030868028
1.7647232409088875	0.7190330097853325	-1.6274030244627324	0.2479900171319687	0.06149904859711412
1.6875494548933365	0.5999980190942498	-1.4862899171005652	0.281778313885251	0.07939901817601504
1.6868773055459354	0.7349497219933141	-1.3385487371195335	0.24300282560339984	0.059050373251236354
1.7137252918297199	0.8938920171638083	-1.2200971912216285	0.2718103965802709	0.07388089168912414
1.8728302891499067	0.9549358686490067	-1.7452659139219466	0.27772646601899176	0.07713198992739818
1.9450461595936634	1.1339459736156008	-1.8000011735755108	0.3109142842591812	0.09666769215639895
2.0211897795522926	1.289546860982431	-1.9012737936366537	0.3113742943333609	0.09695395117159847
1.614405840751069	0.5630362648497054	-1.2646556387905599	0.28277053592683904	0.07995917598835178
1.6971313755883344	0.9606147238691017	-1.8421184121755287	0.3130827499907696	0.09802080834178274
1.543861617874602	0.4783902735540051	-1.0968370877392912	0.26962729182385337	0.07269887649626537
1.6054050856547155	0.6685381921366323	-1.0861720918312023	0.2338164305948841	0.05467012321613226
1.6315376614251973	0.8364278272082318	-0.9802869419077535	0.28167037002324796	0.07933819734903343
2.089748146643041	0.8174277924367547	-2.7291545619518924	0.3364309106133068	0.11318575761609884
2.148912919772666	0.8466851443113388	-2.917955411422893	0.32813870593731814	0.10767501033421775
2.1836552285068302	0.9746975136197303	-3.0679484831041246	0.3389925160072641	0.1149159259089352
2.1585100983672043	1.0016140773836923	-2.7673395418750633	0.3204405495013151	0.10268214576470479
2.248127893543019	1.1394257043476312	-2.973906172357653	0.39174123445061043	0.15346119476888812
2.143169398262752	0.7091162275596904	-3.0636104684444008	0.32781592890494304	0.10746328324381066
2.095131570747467	0.5199106997513319	-3.1108702893291964	0.3340279599952091	0.11157467805856104
2.1259555405324044	0.5642882669405834	-3.3039757471920064	0.3248817103276225	0.10554812570540122
1.6617928362331542	1.3412362696535312	-1.440918442236904	0.3623935653959461	0.13132909624038586
1.5964126347875396	1.162130323982928	-1.5029303755713435	0.37568260901309825	0.14113742271488847
1.3606693845081388	0.050262454263487605	-2.0788794904627537	0.3669183521837208	0.134629077169217
1.344997837449363	0.24927452798426128	-2.099689381480121	0.42374975856899183	0.17956385788727888
1.2404729266269148	0.1172397522991977	-1.932603369215445	0.3818490420396906	0.1458086909066294
1.2151654074534977	0.31554917701881807	-1.9507886359461981	0.44249363664725794	0.19580061847331554
1.3439127867768959	-0.32613810738967064	-1.3090953596470736	0.3382357336321685	0.11440341150569125
1.054084178296996	-0.8094262984341499	-0.8028879597433686	0.27887520701910523	0.07777138108994881
1.3324424400073265	0.802678494631356	-0.5435434473195602	0.3587433897156504	0.12869681966467503
1.9672037130337885	1.4778370509841698	-1.9466620830559471	0.346227086660927	0.11987319553771306
2.115856212419703	1.4914446604635627	-2.0797796311188312	0.3630487297800648	0.1318043801949185
2.082836510201974	1.2994534843419145	-2.1253729760953197	0.30833004360312233	0.09506741578830333
1.905773649157267	1.2063388796430217	-2.1165302542060966	0.3371841121020004	0.11369312545401436
2.011225469394143	1.041973397540795	-2.1608836676236116	0.3079609376282883	0.09483993910489447
1.9250648960589847	-0.352731537285564	-3.5410849713025625	0.4016534082399682	0.16132546035078255
1.003735228224881	0.0918050994225778	0.1304615384535962	0.40881954002284104	0.16713341630448733
1.784150192469518	-0.19854787252738057	-2.8540203518095573	0.2995509437804384	0.08973076791975136
1.006444306034048	-0.18763348716729986	-0.44090570563985676	0.29705743225798703	0.08824311805970855
0.934337183707399	-1.314276870803901	-0.9901344936766915	0.35674520606503696	0.12726714205038567
0.8558868326870143	-1.4983984229889407	-0.9903865169195356	0.39249069029424394	0.1540489419676521
1.8012794365775404	0.9151868603843902	-1.561345988402116	0.2689583510628737	0.07233859460646001
1.871377610426011	1.1035549468545789	-1.5594201354953352	0.30685959358302073	0.09416281017393664
0.8364391656093009	-0.0356947611762424	0.25544356145368585	0.46319887463431697	0.21455319746249768
0.717254939731179	0.04836734186556992	0.39361432381111117	0.5299911114975112	0.2808905782663673
0.6458134478045479	-0.13892584032704416	0.41194369080415416	0.5327507021884795	0.283823310682318
0.6892306649041947	-0.3025584134458374	0.30345715920454996	0.49477309047351925	0.24480041105671727
0.5651174158652049	-0.4433432600245916	0.37299678762159544	0.5137256373381193	0.2639140304584568
1.3784928407194503	0.7843308531596399	-0.21665676812893855	0.3963796885793096	0.15711685751823048
1.2688757913851647	0.7899518463572298	-0.04883432811035533	0.436861534823651	0.19084800060847604
1.1279764883009815	0.8318223517987976	0.08748146505541711	0.49095925662667234	0.24104099166741472
1.0881531504720814	1.0210677727268045	0.035765124393781204	0.5408173699856952	0.29248342767824426
1.0840538648082574	0.6461062717011372	0.14966648776637187	0.4752493585348032	0.22586195278774193
1.3195784718691939	0.9678142274852093	-0.12714584394027514	0.45373366629796874	0.20587423993219645
0.9211394600319516	0.6666896910842822	0.2660927152981851	0.5357256485112051	0.2870019704727513
0.760485590037213	0.6399508671393527	0.3839282479164726	0.5612785652368892	0.315033627794381
1.5299929834248613	0.32181033563239825	-1.2228703144697044	0.3804828958888722	0.14476723406398237
2.1696046227237438	1.1608604523751898	-2.6219797503182742	0.32810484029215	0.10765278622313725
2.211879586198574	1.3543911910142905	-2.591933787895679	0.3800576828326296	0.14444384228010765
1.1370911252073095	-0.12293703749129772	-0.28234637734832646	0.2924331886874732	0.08551716984592331
0.8900056076712675	0.18704033220215463	0.2669852367439997	0.46975671514341905	0.22067137142233537
0.8542861395450319	0.37446230627419674	0.32752881971745523	0.5130967872762471	0.2632683131132063
1.0089779677694946	0.39291882401954487	0.2016373419212191	0.4565964518464644	0.20848031983878068
0.7832827563052434	-1.1968464765759472	-0.4881830783826701	0.4023718354406908	0.16190309395591032
0.6693646324052205	-1.3370735139865404	-0.3995823353196747	0.44025861206724337	0.1938276454993755
0.5942005877120705	-1.5204931280889646	-0.4284506519479434	0.4320441528361341	0.18666214999989283
0.7039733079601814	-1.4479815598816563	-0.5809991704709077	0.42941725733895225	0.18439918090050794
1.1452508661483798	-1.380856201219339	-1.839760118174884	0.36246016728542146	0.1313773728685757
0.42552084507575805	-0.5237866809246393	0.49436485281790665	0.5382063723808181	0.2896660992713199
0.2931070355651872	-0.49707833685740965	0.6439321026228587	0.5358195046200837	0.2871025415313119
0.20417937542295272	-0.6747843500738377	0.6685642175922512	0.5240440723471798	0.2746221897622162
0.33520329337948923	-0.30215912688721885	0.6651665902917457	0.5557573120352125	0.30886618988060455
0.05853019434029969	-0.7057923042710587	0.8044400344318491	0.5248440615255432	0.27546128891862814
-0.08439946848185062	-0.7489221583806445	0.9376340994541745	0.5093882683954233	0.2594764079788878
1.4346311290784248	0.1767661206453787	-1.0392597651581084	0.34797274240055487	0.1210850294537629
0.18666900474733622	-0.3180519126430101	0.8008849927310713	0.5375790061516882	0.2889911878550368
0.043577111017862165	-0.4015666729347259	0.9133190910282453	0.5329646748608747	0.2840513446495579
0.19782201095981056	-0.11899658481951955	0.8250792394259572	0.5638790565950316	0.3179595904665028
1.1130546676076727	-0.21597280422742454	-1.634029668311662	0.3660882438179032	0.13402060226167656
0.9390290736806405	-0.12102602464306296	-1.596723662067427	0.4470971125234835	0.19989582802683648
0.7879301719063048	0.004128044870522565	-1.556078876870177	0.5289681856505323	0.27980734143041597
0.8776746781265435	0.15574297156440536	-1.6513443784592559	0.4924164156731213	0.24247392642436413
1.0051020588612318	0.267232581982712	-1.7585361449625696	0.43849228411495644	0.1922754832283517
1.0696235483340424	0.4448170215652487	-1.8283242914520872	0.48564354876219124	0.2358496564543348
1.1262766841020004	0.6293250103123595	-1.883630000363902	0.5408805555387004	0.29255177535985316
0.6244326334533803	0.07236370149324765	-1.4597670559725957	0.5447696647976594	0.2967739876837542
0.9755899195421728	0.6537754890060966	-1.7516436244449254	0.545847787677111	0.29794980731199644
0.8277268315024989	0.5829830850553666	-1.635545373894977	0.49381839442167885	0.2438566066692048
0.7764849718601257	0.39099691894594707	-1.6016875825115535	0.4936878919578877	0.24372773466582298
0.621722181567787	0.349962891238886	-1.4817224317919815	0.5386370043599158	0.2901298224658239
1.076948466082085	0.07869464175773244	-1.7627707747292034	0.42936585719539677	0.18435503932513786
0.8387668167533718	-0.24567012422817666	-1.47360245784021	0.46662847464213875	0.21774213334684914
0.6944881927520785	-0.7680652753779506	0.027774248412059367	0.44678035790126025	0.1996126882063782
0.6542699258862519	-0.9495011748363621	-0.04615372987895846	0.45937892705402994	0.21102899862131178
0.5272269994467758	-1.0653701166854113	0.0561717030437694	0.4841578445872171	0.23440881847533987
0.5200648601742903	-1.230521904471013	-0.05654798137846337	0.4693951379008787	0.22033179548498494
0.5541328358690757	-1.353673175742048	-0.21080992998966824	0.4580795177291577	0.20983684456297771
0.4626043655172578	-0.9611508742125244	0.2161364253573518	0.501208911815444	0.2512103732832216
0.3285779887522426	-1.020239721379628	0.3529984859581165	0.49893359129411674	0.24893472852164472
0.2666943238539157	-0.8952430562289391	0.49747033279649067	0.5138846517471151	0.26407743530125377
0.24509399810383886	-1.2029663710191163	0.34921104852904133	0.4821316603767322	0.23245093793762467
1.4767169157323115	1.065984323515934	-1.3718442590919433	0.39710550979998294	0.15769278591350436
0.50092143377716	0.22083564803094197	-1.384239958470652	0.5461017766328986	0.29822715044160825
0.47689260702952646	-0.6713903691767376	0.36650086918364616	0.5171026282969232	0.2673951281915859
0.15858743572175213	-1.0608424736066229	0.5383877092997452	0.49602027690344647	0.2460361150993717
0.1303352585630987	-0.8966945031363696	0.6525459833509745	0.5084996130405194	0.258571856462358
1.373048311759394	1.3659503406855271	-0.5296465303593113	0.46498688630761603	0.21621280443805183
0.3932365357814044	-1.36127887909618	0.03092423461170136	0.46220500661995023	0.21363346814454823
0.3767810909362813	-1.2106706378043481	0.16237371161599987	0.47655179664979663	0.22710161489014913
0.9592567274611118	-0.5064864622521238	-1.0672754718942787	0.28318781346259114	0.0801953376937233
0.8897324196575154	-0.4671108617781161	-1.2507443471922244	0.36417978075885116	0.13262691271356492
0.05229878135163457	-0.2016925361138324	0.9420246544495777	0.5348500871450221	0.28606461571903774
-0.09591617943885387	-0.2675215110867489	1.0598326071726623	0.5438910152332443	0.2958174364514492
-0.2302306648821518	-0.3765295787337243	1.1603094839246582	0.5319927928368071	0.283016331630306
-0.22317968992636938	-0.1605347985036596	1.1716307219010456	0.549108647893367	0.30152030719128164
-0.34861092838578495	-0.03353676199980891	1.2621446353798274	0.560656071957402	0.31433523102270355
-0.38071676010389977	-0.22846598353359765	1.294392472232186	0.5437015730386209	0.2956114005246708
-0.23807865801798936	0.10396546531324599	1.1659008582213095	0.5781209429345615	0.33422382465954653
-0.3067075190938794	0.29268256024936934	1.1611452265637277	0.5787360915648255	0.33493546367973015
-0.36271840150211526	0.47366029104126767	1.0936928238807786	0.5881491426956826	0.34591941405366644
-0.13373101981269936	0.24490896791447608	1.0672014914440042	0.5581988188777209	0.31158592139648267
-0.06658051543661375	0.40866501499049407	0.9740192064443097	0.5563042746873229	0.30947444603538843
0.08041717055912168	0.28622313810053185	0.9148542328933889	0.5445053255365844	0.29648604953770175
-0.19867218260038447	0.5587473541987131	0.9569026790484353	0.5949687041903838	0.35398775896598444
-0.2444427427985891	0.6934635430123953	0.8146778377143249	0.6292751826280789	0.39598725547160213
-0.3088309011947668	0.7416212809071807	0.6312755759446876	0.6401406377234256	0.40978003606495395
-0.20165399944438772	0.7792716912143148	0.4660394210307919	0.6421362661651575	0.41233898432453
-0.4322259659359217	0.14879936997616702	1.2824841300461112	0.5581496023821446	0.31153097863934615
-0.03225857679342393	-0.03747678509317419	1.0235403375471608	0.5464730506332373	0.2986327950683967
0.04545322660393105	0.5291555601681804	0.8566028852817598	0.5509469871215059	0.3035425826182648
0.08865550105019923	0.6838903398519347	0.7348158156351048	0.5670370600876938	0.3215310275128949
0.004629090369219104	0.8059581310472538	0.5982911047341901	0.6076971051810519	0.3692957716454305
1.680695409536122	1.053110787773159	-0.902454811302668	0.33469366646794463	0.11201985037375575
1.3733200436035804	0.23983096794511444	-1.321283400471879	0.4822970012960371	0.23261039745914958
1.4535395768378236	0.29287842780125484	-1.4983843862231085	0.48556087506783785	0.23576936339664445
1.713556781942982	-0.8459775051488954	-3.354704581024324	0.4354146588849529	0.18958592517189987
2.2564921222051	0.9434043051268881	-3.2542664349546193	0.4098770559390703	0.1679992009852798
2.2196144394909583	0.7544157388768319	-3.3160380096923068	0.3727896991215517	0.13897215977113705
0.6950836624778203	0.46207961539643166	0.45531182979564544	0.5658197751524484	0.3201520179535673
0.8352745675957832	-1.3070225788993293	-0.7165273692406025	0.3866906936004096	0.14952969251716586
1.2137907628924183	-1.1793488654546187	-1.8533480015367856	0.33316640559228894	0.11099985381528557
1.649835415032706	1.0683037505089452	-1.6772186787908523	0.34728154410278606	0.12060447087441534
2.2484736758879236	1.2923158256740626	-2.840923052958151	0.4224668160555378	0.17847821066810363
1.8049899763165176	1.048661025377393	-1.375998871917524	0.2953597235178343	0.08723736627653152
-0.9084498545511148	1.8727302907134857	1.574308326515828	0.4619397163910594	0.21338830157945238
1.570476275470409	0.1984740210144646	-1.634509711840876	0.4934865764500393	0.24352900113638046
0.30447140518140636	0.03922015945792174	0.7564456663472007	0.5836902812482134	0.34069434442361846
0.30271091280536955	0.24012231561550418	0.7611970517390194	0.5869300157464638	0.34448684338414415
-0.021485763879177226	0.8479505501764403	0.401622903001093	0.64818121368143	0.42013888576953157
1.4056188402702823	0.0037555373297453723	-1.1410085065558275	0.4299046293821502	0.1848179903642039
1.3139771045153434	-0.18137702967676836	-1.022792997198449	0.32326005923554707	0.10449706589696942
1.1893010154185697	1.1748801992821034	-0.1445409549236838	0.5235617359940542	0.27411689139710776
-1.5513958529971936	-1.3589067669773405	1.186450841588999	0.3844673133217022	0.14781511501280792
-1.4488436898541	-1.1885569168875791	1.2160628012386432	0.42070059727890474	0.1769889925508272
-0.9829329923434251	-0.15142586303726	1.718399098106371	0.4670911263140373	0.21817412028131597
1.592348353083814	0.5378097087781013	-1.8028898732163332	0.34593284572993693	0.11966953375481235
1.5137594816228608	0.6206286357463856	-1.6371324787875345	0.35268495405805234	0.1243866768189305
1.4291160350250331	0.7159513296088988	-1.480367120707935	0.3614393559557409	0.13063840803370078
1.6326225643453014	0.3873178965417506	-1.9317917795017632	0.35776783985346616	0.1279978272334154
1.5057445816043327	0.8976799146788959	-1.5257490229658115	0.34548675979036375	0.11936110119044449
0.8758565185853829	-0.5175802353689821	-0.7983757892949715	0.3289169225365814	0.10818634193093549
0.03796078436280955	1.5526202141652456	-0.4973408083048985	0.5772370961216127	0.33320266513891195
-2.1183140415758777	-1.025628806108529	2.5842380122745654	0.32115378496903835	0.10313975359993931
-1.7421780242599905	-1.2435577108229698	1.7158446044697315	0.3608579207562752	0.1302184389725422
-1.7365333202124513	-1.3709688285795567	1.5615416527071617	0.34522539989976553	0.11918057673595304
-1.7100072387003284	-1.0621768610530322	1.8008412893534407	0.3346036180002124	0.11195958117883206
-1.607027818639177	-0.9374985151229137	1.6803212891578054	0.3267206641519861	0.1067463923839149
-1.539781864677208	-1.0218898444913562	1.509765982931291	0.36150526040101116	0.13068605329760288
-1.627871735549357	-1.2010812075765436	1.5268261474250864	0.37463094595129104	0.14034834566435916
-1.4507712840543676	0.21914196717504889	1.587558026436114	0.3922849701524399	0.15388749780750066
-1.1018973163976606	-0.3963854862760412	-0.1118979866859534	0.4211482741221194	0.17736586879603983
-1.045841418261297	-0.574643652040098	-0.1840048592683337	0.4786476999070958	0.22910362062635325
-0.9770834626672039	-0.2716756411593327	-0.20955057224217571	0.4465458878238837	0.19940322993242054
-0.8820307725384581	-0.4157922625732031	-0.31095883674206465	0.5094305566678525	0.2595194920669181
-0.954262346095315	-0.07523403093478083	-0.17510599640827565	0.4325804071362827	0.1871258086381921
-0.7258855135166298	-0.4605548662714348	-0.42908458006384476	0.5518003493704067	0.30448362556530284
-0.7683451475337613	-0.2678165584924835	-0.39202397352490703	0.5309415849074653	0.2818989665840513
-0.8239643097194299	0.05194763587208988	-0.2622959427868996	0.45898824241782116	0.21067020667780054
-0.724545605123586	-0.06512066630919382	-0.3909422957316855	0.5208620169629565	0.2712972407147192
-0.612150943621369	-0.17682078735869083	-0.513398124661439	0.5592984742046443	0.3128147832476431
-0.5006484296258031	-0.02756989623541828	-0.5882187570948252	0.5653359766502616	0.3196047664951051
-0.47384776473319634	-0.27068896584968105	-0.6266652495641655	0.5853171820820569	0.34259620364047966
-0.514689289722567	-0.46223185512566506	-0.5849239142664223	0.5701418004525778	0.325061672623307
-0.3529567638068012	-0.4359116629001154	-0.700611347242963	0.569491013262098	0.324320014186291
-0.20934730869495133	-0.5679992642152852	-0.7474613329725427	0.5460787803812509	0.29820203438267445
-0.03817141463327364	-0.5482259729086697	-0.8505458671211074	0.5404149386787827	0.2920483059471924
0.008098152423331182	-0.7109820074975489	-0.7433016736690823	0.5843326520586727	0.34144464826192183
0.20145733964632484	-0.7469186423387436	-0.7042579627583708	0.630235732750723	0.39719707883584077
-0.08407302287790323	-0.8076612385252545	-0.5933250858766105	0.59627314159994	0.3555416593934621
-0.38445724462471836	-0.6193741907939654	-0.6249243532164283	0.561502280784799	0.3152848113265313
-0.40236405325721875	-0.7886999952044594	-0.5181495218281215	0.5696235348569001	0.32447097146287
0.14711272723223795	-0.6192560948256827	-0.8840615661425489	0.5778931138612355	0.3339604510482349
0.09907083588598463	-0.44805666147761297	-0.975692971671695	0.5563680747275994	0.3095454345760956
0.39477350478296147	-0.7011086700354696	-0.7382724808250242	0.6210705368716094	0.3857286117699891
-0.5872248708252741	-0.7338451678896977	-0.4589864310575002	0.5656847007961228	0.31999918071479894
-0.7616039444460267	-0.6989844533014886	-0.3643780171509051	0.5602541291826578	0.3138846892662182
0.10506875616209281	-0.8117773788509299	-0.522444227713077	0.6482120223000947	0.42017882585437843
0.26016564994002506	-0.746070001301248	-0.41451245882853577	0.6140268197282067	0.3770289353455357
0.28052663810199646	-0.5269634929502188	-1.017008782515298	0.5955634527345601	0.35469582623311063
0.4751580761681267	-0.5601446728823865	-1.0503131615954364	0.5860100577550958	0.3434077877901308
0.6405488202322789	-0.5076009671910315	-1.1516778423880936	0.5399974843460356	0.2915972831000469
-0.06088141073436836	-0.3419570942737076	-0.9123047014524389	0.5303960116974366	0.2813199292245473
0.0462639532947614	-0.20726324943705388	-1.0159305597985957	0.5308567703469792	0.2818089106232254
0.20764299396853686	-0.2890315110434942	-1.1021399136048278	0.5642303919337399	0.3183559351817018
0.38223845863239714	-0.3020027216785018	-1.201481702851881	0.5623681763449171	0.31625796576550774
0.5398713184455777	-0.2506360698661559	-1.3139150855155048	0.5438394434149285	0.2957613402138592
0.4706116002878178	-0.06265802904047839	-1.33226636847151	0.5433451217437796	0.2952239213227626
0.33936244262560705	0.07133610906538672	-1.2585093688691324	0.5516607295634898	0.3043295605425218
0.27890003130809243	-0.10797837098225796	-1.1934118170579016	0.5648812059534548	0.3190907768394294
0.10525161303340883	-0.02467428446001953	-1.0782723271221923	0.5416514769007112	0.2933863224287217
0.16867158160393936	0.15848840327515953	-1.1284045488324919	0.5592667024065778	0.31277924442072774
-0.9378273028109801	-0.7357530112682358	-0.24440655396263916	0.533868890958847	0.28501599273362926
-0.8743638195024245	-0.9220368475834915	-0.20166164471529277	0.5612978133123958	0.3150552352292772
-1.0519933687303262	-0.9217378811084397	-0.10674899620438827	0.5236717898833476	0.27423214351962893
-0.9534150346807434	-1.083146739441763	-0.03759189871872726	0.559001379343565	0.3124825421080082
1.765396092709332	1.2270329430848745	-1.7808183641716608	0.3491423990394293	0.12190041480700807
-0.8561264840390529	-1.136569740291734	0.40563733916823425	0.6128382274406765	0.37557069301263035
-0.6836480080466916	-1.0361234327495747	0.38364687213975257	0.674923761413854	0.455522083721025
1.3613858049221856	1.0529354882558428	-1.204948240390343	0.4403718472321302	0.1939273638346386
1.2655402916941032	0.8755058608924169	-1.1968670495584899	0.4520550465084227	0.2043537650737322
1.1377730591730728	0.7370588535813821	-1.1248893941654123	0.4960037132496706	0.24601968355746143
0.20987124964961845	0.4251255710651498	0.7976587931327486	0.5542661864327653	0.30721100542272095
-0.97464488475273	1.6429452629154777	1.5182740913887558	0.370643177627229	0.1373763651216096
-0.8496457626786195	0.24716881877007607	-0.1444743331688285	0.41782691314849785	0.17457932935120235
0.010673012556489796	0.1463907602592876	-1.0009199131717006	0.5497652425028076	0.30224182186417076
-0.08225274768421317	-0.020788495480676364	-0.9344539305726047	0.5464233653294631	0.2985784941779759
-0.235406988816829	-0.05478773443737269	-0.8102648717838418	0.5703285010863377	0.32527459915138873
0.05592432402687543	0.3440759975413693	-1.0142082620135988	0.5525621708077727	0.3053249526077982
0.06797202799828304	0.5432185432385267	-0.9826033091112377	0.5303275979918507	0.28124736119180604
-0.07174629394121002	0.44486555158187246	-0.8766222909333089	0.5516841341452399	0.30435538386758304
0.19423076360178795	0.4600522667290102	-1.115846060737848	0.5373305027265737	0.28872406916039245
-0.13642925352774235	0.6015225620751817	-0.7660976517433528	0.5434456431801427	0.2953331670914789
-0.27788279186780795	0.5085400153002351	-0.655360040098502	0.5356655414827787	0.28693757233203854
0.07184054890766568	0.7391667528991789	-0.9283138815587201	0.5161465875070836	0.2664072997952075
0.2175506046549444	0.7461691814299265	-1.0659271917386217	0.5057037030338452	0.2557362352621434
0.32761528896503267	0.6443346929804823	-1.1986534090519152	0.5196077158981167	0.26999217842085793
0.4790147420878525	0.6672119242092435	-1.3277452979461093	0.5101334323142921	0.26023611876476044
0.5508058365093713	0.852525410940011	-1.3557500663582085	0.52516999119693	0.2758035196537835
0.3245080084757846	0.9057527660695698	-1.1246555911862295	0.48904951052157275	0.23916942374138989
0.5727535182732237	1.0496466756685843	-1.321257952733928	0.5668466863692926	0.3213151658478472
0.7147259095690908	1.0315615488935308	-1.4627311381040637	0.6118450388165793	0.3743543515244614
0.7522326388306765	0.8489451166529859	-1.539231474609212	0.5629534561170616	0.3169165937541444
0.9042091942241525	0.8627843757572533	-1.6699367999527046	0.5963047161913436	0.3555793145520389
0.1985022496385597	0.9630972214055383	-0.9774372161462928	0.48306667752335725	0.2333534149334552
0.10529700356128835	1.0693773770409778	-0.8348857354301816	0.4705924656225899	0.22145726870074844
0.17875619692166608	1.2560766805409072	-0.8306113730085419	0.5114016471937308	0.26153164475246116
0.2928861419447851	1.195648708905594	-0.9837545847768175	0.5271371257961238	0.2778735493925985
0.42028780221501655	1.1567919702009308	-1.1336784158903435	0.5567712663119345	0.30999424299059514
0.23685531566834928	1.4462449135052236	-0.80262783041225	0.5995059999098947	0.35940744392796276
0.35411606887033154	1.3863172145853075	-0.9653100604810483	0.6192922806353678	0.38352292885455513
-0.223349161573267	0.7947353693004946	-0.5959807360486867	0.5216701736762573	0.27213977010341656
0.5490689867097983	-0.6427921597172476	-0.8573443672333441	0.54729604925679	0.29953296553209074
1.1816491407232295	-1.6792537340508027	-2.3438698295245075	0.4741123526429003	0.22478252292858583
-0.80460995514703	1.1282809844824475	0.4643474129677491	0.39223653065708414	0.1538494959819057
-0.22490626330023544	-0.716578551462212	1.0814102143140272	0.5084497383217988	0.25852113639950575
0.29495268853442824	-1.5385703601506366	0.050434583158432654	0.4627186314218279	0.2141085318648894
1.6705984759818753	0.2475449461448307	-2.102985270463004	0.33800298100133613	0.1142460151657896
1.1210739483347645	0.9072988684200562	-1.0143735889323042	0.5401302704793856	0.29174070908813415
0.6687298312109079	-0.1405927570951701	-1.4344358825999242	0.5320990755998716	0.2831294262542378
-1.1644582606038218	-1.1835102742502477	0.7769668087650847	0.5142787254545209	0.2644826074551265
-1.095770788663669	-1.02616395885876	0.8844682870895261	0.5708308362753459	0.3258478436428108
-1.0676936016364937	0.35786942772417596	1.4544059015675475	0.31796549285526066	0.10110205464668882
-0.700118082083815	-0.8976184647797065	-0.3045586691956999	0.5889630538291775	0.3468774787757906
-0.5329649041162371	-0.9902213142807302	-0.24490350178903533	0.6017013050269613	0.36204446047114824
-0.38119014989356464	-0.9944153321738315	-0.11054568183258828	0.6322675394057821	0.39976224138624217
-0.5492799867546102	-1.0547327954540562	-0.017391086619009812	0.623664814223503	0.3889578005004364
-0.22063714627148304	-0.9334060815992861	-0.21782946026856426	0.6396465489087265	0.4091477075308439
-0.18256096635840746	-0.884859228640915	-0.027114941064658837	0.6587441965584189	0.43394391649939684
-0.04018740357956114	-0.8510030512706055	-0.18253828464652155	0.6571427090110861	0.43183654000642896
-0.31085417959171313	-0.9035582898136361	0.12757219137238932	0.6601636983893805	0.43581610867114495
-0.43404424643129685	-0.9063690164029544	0.2879521078294699	0.6630468333166613	0.43963110317125237
-0.3134078470239256	-0.7548873234414292	0.34643359239989335	0.6392879930587917	0.4086891380691377
-0.5364130682221531	-0.8696846039535585	0.45876605841769064	0.6630796816712594	0.43967466424525875
-0.667036851157132	-0.8551703403869088	0.6122383041517443	0.667686651527044	0.44580546462739623
-0.8077685788575503	-1.0012046866495614	0.5976365511098136	0.6814586559440472	0.46438589976106726
-0.17757082073520156	-0.8943900827590182	-0.41293841507601303	0.6210505053710483	0.38570373022163457
0.05063052910223424	-0.7342588170264077	-0.04258434702658213	0.6274430810845565	0.3936848200008813
0.20954262567435936	-0.6738371348301145	-0.14817252356844682	0.6074768323267258	0.3690281018137129
0.0654580074735864	-0.6020991424712958	0.11156414241362679	0.6289726964147806	0.39560665283527974
0.48543885367192907	0.4491493634382514	-1.3670705025693453	0.5380515667433898	0.2894994884750165
-1.1943292434922514	1.285959199900433	1.9327500519765763	0.350946742345816	0.12316361596314059
0.6346693287026395	0.5534694395497444	-1.4811589887376504	0.5155354998028571	0.2657768515569816
-1.212157685176751	-0.9505876749829905	0.016154831635220444	0.4677573596750122	0.2187969475301387
1.2645074546417934	0.6861462947923158	-1.2764285701088416	0.4300116403430305	0.18491001083050382
0.880192582767096	-1.6235978777332956	-1.1917262850574344	0.37142171062759805	0.13795408712553117
2.0128471547028446	0.4224299020697117	-2.9189072815065455	0.32650264738859347	0.1066039787517602
0.12342769349147312	0.054559191995337555	0.9025769797713722	0.56326565989753	0.3172682036197999
-1.3035937903920523	-1.1792020224810695	0.9954617855592762	0.472552368390839	0.22330574087179117
-0.7312014183671673	-1.0602653409906608	-0.10996035054919413	0.5930944210358733	0.3517609922638777
0.6825401273908103	-0.5162692671205754	0.20341000953691218	0.4735468098603588	0.2242465811289228
1.4082666000325461	-1.3914323067075258	-2.855892200257478	0.4570243673454184	0.20887127234747993
1.4818640872661653	-1.2216927274556113	-2.937131732129837	0.4081518596084631	0.16658794050184658
-0.9226453260640036	-1.1755795277428154	0.15422203123555567	0.5850583067295911	0.3422932222732964
-0.7293289227502396	-1.1190190221852134	0.176843106821423	0.6199125581970605	0.38429157981042394
1.2889412189578242	0.755148933637461	-0.9887668850877234	0.37144673632855535	0.13797267792913534
-0.7983596480005518	0.5199260762085601	0.6697052472162488	0.3785935963074707	0.1433331111650241
0.2675386850872417	-1.3922958621771857	0.19049530725335703	0.4473973154204895	0.20016435784546097
-1.1608185507974098	-0.9217790468326299	1.0478228378592795	0.519163217230021	0.26953044612462596
-1.1380626500989173	-0.736780462279312	1.1253840439085483	0.49643259545217083	0.2464453218273787
-1.173756092156622	-0.5581602072599884	1.2100596751901587	0.4702072111661982	0.22109482143269368
-1.2703689511963414	-0.8638866350813627	1.209114652438337	0.44617262913138106	0.19907001498600893
-1.402215870592979	-0.7112327734479109	1.1862618782342036	0.3166884924973524	0.10029160128024564
-1.3319498859465189	-0.6518564285998635	1.3653842110758125	0.4045455909638448	0.16365713516828642
0.5338291757187347	-0.033699037574722576	0.5469042664247259	0.5735252343554958	0.3289311944425264
0.5620833487898327	0.16852073033384501	0.5510815663999085	0.584061659640535	0.34112802226205624
0.4990730541926191	0.35388291894992757	0.6045298096183581	0.5918398659552966	0.3502744269339835
0.4888085793477358	0.5565428895276182	0.5824817606869003	0.5786771012721663	0.33486718753675704
0.965641418860032	0.798913321913945	-0.9368801249062013	0.6112811014133825	0.37366458494515814
0.9948844504424195	0.9706541698685315	-0.8326346041670195	0.6218019148577174	0.3866376213207241
1.02862807801561	1.1154914349405745	-0.6967005115274204	0.5726449837388017	0.3279222774012124
-0.54015177461799	0.15736071249329422	-0.5096845037417502	0.5417111252438588	0.2934509432129676
-0.3938348205834053	0.16164349566704198	-0.6463991407844866	0.5702470764359198	0.3251817281837137
-0.24823854581922403	0.23380259488175528	-0.763525924061468	0.561144415193288	0.3148830547026172
-0.5337957136546555	0.3508711873363373	-0.44993270264131835	0.5374095965118756	0.2888090744230569
-0.6755371788806509	0.2564851635066491	-0.3379576217334651	0.49962167705811905	0.2496218201863674
-1.443274597300543	-0.8512178661834641	1.4505949132244362	0.3556376648070327	0.12647814862939932
-1.5835416591855453	-0.3462126657814794	1.3947184301769717	0.41469713216658843	0.17197371142719292
1.3805665789702872	-0.5189647923001068	-1.680011934543672	0.2574586495153262	0.06628495621025557
1.2277680827587143	1.3019243442281783	-0.40017565127553006	0.5056120153359216	0.2556435100520522
0.3258173605123677	0.2754124729694441	-1.2460255834727547	0.5484994009362495	0.3008515928274245
-2.033239617217103	-0.7045539899956148	2.8895882879028	0.3385299203626164	0.1146025069807194
1.3096424696987388	1.3202028189663801	-0.7479959588488289	0.45082742825008526	0.20324537006258578
0.7316743712273073	0.8343602440598897	0.32570687642786494	0.5692167342350674	0.32400769053323536
0.8646363977449135	0.9267933560026905	0.20766917369373508	0.5617856404806453	0.3156031058502488
0.5574005348199785	0.8152703705817885	0.42856427343947207	0.5725353719668006	0.3277967521531627
0.5349085964194004	0.9610428406787427	0.2933017413795897	0.579130446345085	0.33539207388385744
0.39900524227112355	0.7622055377079616	0.5392224634758954	0.5630946118861645	0.31707554193523024
0.6445296621014545	1.0417087036622528	0.14495947956064878	0.585430111268472	0.3427284151798155
0.8266064826063633	1.0792967991109186	0.0696818085715585	0.5871911779229855	0.34479347943058314
0.33929595017477526	0.9686246394196426	0.24146681265872713	0.6135602460189735	0.3764561754948633
0.22028218562789423	0.9220999546238522	0.08516717889748775	0.6634903268685621	0.4402194138481514
0.3822562181786017	0.9825865929582094	-0.01613791365729458	0.6528618845408376	0.426228640286214
0.5314945294693055	1.031720686376285	-0.14008354141181967	0.6451436200838099	0.41621029053484315
0.6764427812181099	1.0754095084903341	-0.27124370609188436	0.6462171560022719	0.41759661271166465
0.32605968413757164	0.8858150855401973	-0.18362806573002946	0.6566828000475936	0.43123229987834777
0.4798342813806239	0.9277161794897552	-0.31079352998743603	0.6699298844167316	0.44880605003461543
0.5771180608686978	0.8866761835508526	-0.48317522930129525	0.664160283057455	0.4411088815909588
0.24273637324367442	0.8712272858667182	0.46557040546274436	0.5865756454594877	0.34407098784621465
0.7275192220074223	0.9086814410519906	-0.6200971505378267	0.6672820271496919	0.44526530375700213
0.8347681853310008	1.0616151155749116	-0.5397457624584237	0.6530846669636657	0.42651958222304215
-0.33781315249539606	-0.5704265208723563	1.2229656768661215	0.5217223488605338	0.2721942093005525
0.5676487723800651	-0.7844400562425317	0.18833990089960106	0.4910184457682953	0.24109911408471232
-0.28823896107887154	-0.24932587008857304	-0.7714585472997899	0.5754578082928725	0.3311516891252364
1.0268802889824205	0.2605190067316997	-0.22738160000847105	0.3698943891798138	0.13682185914670755
0.8681398149400091	0.18715288746009176	-0.12631145831639964	0.42802373211706224	0.18320431525541864
-0.8557845604896905	0.2795729791068432	0.3758704761046314	0.359049594831885	0.12891661154894077
1.0730347473721324	1.2241775556366743	-0.5281264507057125	0.5375418800001036	0.2889512727540458
1.6176024590674345	-0.06599004610953528	-2.023046472891111	0.3540828088634976	0.12537463553266415
-1.496962692062267	-0.8900139314026023	1.2221166915716397	0.3149820596316013	0.09921369788976564
1.2235254247785443	0.2217538793499802	-1.1816936047627535	0.45722824218282726	0.2090576654495981
1.2050857526292693	0.13450223258977026	-0.9969176860547897	0.3612147229425306	0.13047607607044914
1.3538235515618984	0.024401143950637767	-0.9198245363296128	0.30397081527740977	0.09239825654041316
-1.5039313907803957	-0.3153024872087569	1.610928041231484	0.46374453220436995	0.21505899114944993
1.680092417411373	0.09656328737140173	-2.2422092983517596	0.31885648515452913	0.10166945812510045
-1.3006251695597166	-0.7612507002281625	0.4940789682156908	0.3528294513166488	0.12448862171640744
0.9856776617403332	1.1939763782387445	-0.16737292691013775	0.5725727345791646	0.32783953638346247
0.9320226962066189	1.1843499591235793	-0.3613563943953027	0.581724740509811	0.338403673721207
-1.3887350375884238	0.2569656925064038	1.3949586975990855	0.3869468465445243	0.14972786205075164
1.6840045375607395	0.4589286028594348	-1.6362206560239478	0.35221087448840666	0.12405250010788815
-1.3054237790380936	0.17032429697934773	0.9738618101163481	0.29996271053079904	0.08997762770898395
-1.3819088669508304	0.04455471075576949	1.1108219467616156	0.4040100721462667	0.16322413839563163
-0.49130993767808656	-0.38525831501575003	1.3738889405838646	0.5420007920346621	0.29376485856620105
-0.5658118511653756	0.04398868077162855	1.399619516059328	0.5515744513241669	0.3042343753535558
1.1544359497185563	0.34650576161310775	0.032394089665441696	0.38601069272971045	0.14900425490167094
1.588481903414131	0.8697238461964364	-0.7783555001182654	0.30942994181265154	0.09574688889018093
-1.088305902437223	0.018271519159401277	0.4014571473375465	0.28058926251776256	0.07873033424026188
0.07764858437264681	0.8023982241594112	-0.004431121337404621	0.6314967680084298	0.39878816800509265
1.1216980777275822	0.28624565072680824	-0.5937696173572159	0.31547014669961615	0.09952141345867735
0.7982899679328058	-0.36319098583766635	-0.4023251159446474	0.3873123096475901	0.15001082520455072
-1.4136868928037176	-0.23601426315975366	1.3526745036219632	0.487926026262735	0.2380718071045432
-1.5202995386287161	-0.310158939054472	1.2005347940131545	0.3792534121013945	0.14383315059055019
-1.4426667033025378	-0.1607759008216706	1.0897908714156448	0.3839548507181045	0.1474213273899619
-0.14843173558971348	-0.7721309069298727	0.1438601845812292	0.6309350312406427	0.3980790136466308
-0.49063036572335866	0.35931105679231196	1.2308756586794527	0.5638074039825792	0.3178787887855753
-1.3225834183920966	-0.4442553022235218	1.3670593095939116	0.447988382976724	0.20069359128209993
0.7741818562282147	0.7806513584495776	-0.7774557636212661	0.65993063905265	0.435508448360439
0.6310193604405259	0.6435616814148399	-0.7358116881059403	0.65640077481104	0.43086197717253366
-0.40494547828650845	-0.6715595737856243	0.5138887542054389	0.642269857708214	0.4125105701205294
-0.4183234539295955	1.5231001435060172	0.13355045470554203	0.4423566837724417	0.19567943567815196
-0.5002254851873087	0.6655338149377895	0.5993414009976517	0.5349128745589997	0.28613178336897216
1.596117656337269	0.10420916673854139	-1.9043262123509104	0.4149324769442211	0.17216896042306656
1.5469851217728834	-0.03533755176664726	-1.7577160152934055	0.4162847934779995	0.1732930292810207
0.9194789505378582	-0.08519566330569817	-0.28127205804168876	0.36201948774391635	0.1310581095063676
1.2104939026245118	0.6493762338568881	-0.3788513789291222	0.37213731068855915	0.1384861780065132
0.9993156742284495	0.15913081772291093	-1.025545509624672	0.48476302103632035	0.23499518656426
0.8276666796626604	0.25299389794038807	-0.970661925775708	0.5929624210509373	0.3516044327785891
0.7182799578705613	0.4120618446624024	-0.8929000377629287	0.671456609333935	0.45085397821822465
0.8110480166217767	0.5945776540087687	-0.9096612977728518	0.6615244670501597	0.43761462050599775
1.415452403158619	0.4986937158266204	-1.493326988274121	0.4141758429228392	0.1715416288608444
-0.7324349169709863	0.4730042829978564	0.4759227594362835	0.41773617513155603	0.17450351201354206
1.2116685216465486	0.4842419727376057	-1.252477396010463	0.4644557727887269	0.21571916487677353
-0.68058658732182	-0.6964926229070427	0.7493072812324405	0.6537619028587488	0.4274046256294921
-0.5379717661452544	-0.5643879447646771	0.7009197984119669	0.6477759155981132	0.4196136368289739
-1.1160283223685716	-0.8171834337227801	0.5775192029289852	0.45828863000956216	0.21002846839604136
0.4720595147761473	-0.6689120443722443	-0.5452445996861466	0.5412340022936456	0.29293424523879796
0.7749396230394373	-0.0015350426056507539	-0.1157181908489283	0.44471771441562713	0.1977738455150593
-0.13113458677271647	-0.5315512524195244	1.044093782703271	0.5208241271855519	0.2712577714585919
-0.9994213991879367	-0.8320430624750056	0.9460164413497926	0.5989795670230945	0.3587765217111738
-0.903922166260632	-0.9246740683443119	0.7845995576369432	0.657253731361252	0.43198246738828877
1.039515170042202	0.616405833148357	-0.25988665907163766	0.4431034612162358	0.19634067734180818
-1.9653565324489966	-1.3141369839227306	2.1494691448209644	0.32744772343909767	0.1072220115854478
-0.6389115390046648	-0.4296428391627316	0.8297716221507851	0.653671927765117	0.42728698914816426
-0.5885883708186762	-0.2247994320824658	0.8211440243439192	0.6764094845952204	0.4575297908503718
-0.43909590806397275	-0.13241427761648733	0.7256349076754587	0.6745632285923924	0.45503554936899226
0.49035367026717896	-0.25455124713475885	0.528524497655161	0.5554920920297298	0.30857146430756577
1.2285921056046403	1.1776735558139984	-0.8828343334791995	0.49041727862135226	0.24050910717037308
-1.1522982312400276	-0.4490234144472663	0.30882018134886946	0.35493364252632764	0.12597789059700693
0.6093604295721798	0.011356631421043073	0.017559515725200706	0.5316772254034249	0.28268067201268426
-0.4012006483318982	0.06396640188808561	0.6501046703484495	0.6515911301010407	0.4245710008263514
-0.5977088590696713	0.10598357464671024	0.6535646983379843	0.615906237363962	0.37934049322383306
0.33679375689870605	-0.5152002412151369	-0.08092824749264257	0.585213805788056	0.3424751984849405
0.2933111623200634	-0.3937938309916738	0.0725965339178511	0.6102964707318449	0.37246178218774567
1.3952998978884568	0.9324029664541924	-0.7100748275024593	0.3624665938750914	0.13138203167541046
-0.9846753014370525	-0.5303398764010745	0.2022974656650665	0.4436315806395366	0.1968089793407337
-0.8924422972331948	-0.36877588119340166	0.1255908565075438	0.45448981856146825	0.20656099517603632
0.4640512640747633	-0.34071156455913854	-0.046641723844213924	0.5556928820271265	0.308794579135614
0.7330687926188924	0.32239481162187367	-0.024374640551561567	0.5175373230578286	0.2678448807578633
0.5666269341845783	0.2735512127362048	0.08215547334941026	0.5937955403490143	0.3525931437383778
0.3849860687126591	0.23085587056978227	0.19366752657686678	0.6462114311374192	0.4175892137326715
0.306741100197224	0.04373327171733135	0.24572418479729483	0.6467950622439743	0.4183438525431867
0.3700114597586543	-0.1278882372265843	0.1546027367426543	0.6112552338697708	0.37363296093318815
0.2848291035212111	0.6000509843878401	0.6903196708593652	0.5593528111212847	0.31287556730928356
-0.25572044804133365	0.7027722033808935	0.26923106695000304	0.5938991302846044	0.3527161769528095
-0.43417517421104473	0.6037948844408374	0.3188352178132587	0.5449578664666893	0.296979076223926
-0.5365274386111599	0.45429652302236073	0.22652024020242983	0.5052303375693133	0.2552576940004023
-0.672759275799525	0.298234765751744	0.20925649630084367	0.45085522199226163	0.20327043119769153
-0.5197627923872989	0.3101635858548363	0.07349465841347472	0.5284631297004551	0.2792732794528
-0.346358305211773	0.5531432312820349	0.13603023995544972	0.5766234462693026	0.3324945987874873
-0.23161725353705415	0.518704129717429	-0.024987105299005753	0.6081650079323692	0.3698646768733786
-0.07292453893851562	0.5635603935770438	-0.144592399229977	0.6231375678546449	0.3883004284718022
-0.07617254881267732	0.39951181594060503	-0.26498682003216073	0.6438156447002754	0.4144985843608313
-0.17833624185597585	0.2207572580888677	-0.2701302242089795	0.6447463482306094	0.4156978535567062
0.07768132105970599	0.5345422896872696	-0.3122423016899268	0.6338541386514909	0.40177106908562343
0.20448467918675511	0.700373783750518	-0.2926508363428601	0.6344321005667782	0.4025040902295747
0.34166505286832877	0.6871062366953737	-0.44064620964904616	0.6400853966853608	0.4097093150498557
-0.3262664807683298	0.3356111718979132	-0.08546734445252127	0.6001368360498772	0.36016422198395714
0.9783051816600228	0.5423627128011106	-0.7786188952451776	0.505016513661586	0.2550416790709028
1.185023060703734	0.5425214113843739	-0.7816328715094012	0.35754969197889613	0.1278417822342035
1.1118250163641406	0.7311707136337944	-0.7667686127114052	0.45764103060235445	0.20943531289078512
0.13369781647531148	-0.38679341965116754	0.22218121918977296	0.6409074938203226	0.41076241563504684
1.433125469059531	0.9346316624954788	-1.034346781222955	0.3498192488095906	0.12237350683770624
0.6190655577081421	-0.48295275088151085	-0.35621312955646073	0.46676780635453863	0.21787218504902806
-1.2241984545248092	-0.1497550951303171	1.060131175518942	0.3937812108898041	0.15506364204984038
-1.1136282172696066	-0.2942159664754397	1.146692448098948	0.49308657015482166	0.24313436566704588
-0.9718923331581981	-0.4153568809944958	1.0667876986615303	0.5553803434127143	0.30844732584922446
-0.9239260758616002	-0.2178042014727552	1.0151465677270066	0.545261756766262	0.2973103833918302
-0.7964008223801168	-0.08322564169096053	0.8986867902976075	0.5557703524967537	0.3088806847143658
-0.8093744796044868	-0.6044161972425812	0.904405456540301	0.6565238272718152	0.4310235357756323
-0.20368021741398942	0.08064473808769795	0.550720081602995	0.6597650773967563	0.4352899573523478
-0.18091761652691768	-0.12427085417924613	0.5584675010942337	0.6590568886822874	0.434355982519577
-0.476926284005993	0.14081350737109852	-0.06328828826358635	0.5680359714654408	0.32266486487868706
-0.5960150344364304	-0.030479766495758065	-0.033541559136401534	0.5361795655407599	0.28748852650347795
-0.6895637874106776	-0.2173933367462002	-0.003298466989450336	0.5264675338184035	0.2771680641648318
-0.521562078973572	-0.29353541902474406	-0.10646571541082062	0.6014218158452653	0.3617082005746162
-0.3717999309528577	-0.171192273703904	-0.2082570874344813	0.6306659241461243	0.3977395078790851
-0.27369798737522333	-0.003093037082813783	-0.26169189416531535	0.6346580624559633	0.4027908562403575
0.7709290200713366	0.20896214010711878	-0.3245627436083342	0.5240827382668772	0.27466271654930813
0.7337235425931024	0.4065877179917928	-0.31844159408961076	0.5910652143983228	0.3493580876717353
1.110876660759287	0.8090825622783208	-0.49637097827414295	0.4524065443109991	0.20467168133542
-0.9651709624177907	-0.49653817330670114	0.7877987479999525	0.5049473027921428	0.25497177859705994
0.9693820590011768	0.5235008539192934	-1.0494157868627112	0.5672657565017253	0.3217904384994747
0.3907330128798743	-0.6112434938621399	-0.2748384515672265	0.5655189531471194	0.31981168636861385
-1.1776441622084477	-0.7343854567663798	0.8514976699660513	0.42110798448937153	0.17733193460070076
0.6685210503360655	-0.5657305322322279	-0.578714515772662	0.45142032807948285	0.20378031260338791
-0.40916470528866716	-0.48016981121406965	-0.052530686235760515	0.6089571210725143	0.3708287753049249
-0.6028635195416178	-0.5158782658955705	0.025968499740925414	0.5775876064642947	0.333607443141153
-0.5091670026621663	-0.5651206186867207	0.2201674136633205	0.684161955729789	0.4680775816680098
-0.7202017498990329	-0.6315923775765229	0.18871338748024377	0.5669062592111044	0.3213827067327279
-0.010720436745812235	-0.31945079543209637	0.3804920671339554	0.6511076334588489	0.42394115034838276
0.11877814271083484	-0.17227229174732794	0.3354507419882696	0.6530536970633564	0.4264791312481181
-0.08473269060865024	-0.5072785552090876	0.34033273629509914	0.6292897272134224	0.3960055607763436
0.8301921396760332	0.6906947953803384	-0.30437106767563665	0.5488344400126104	0.3012192425439556
0.08680073074912271	0.34234228930705535	-0.43212553335378423	0.651562408934306	0.4245335727362758
0.2303276990686941	0.47838392782004246	-0.48458125161825116	0.644613962668713	0.41552716086746083
0.1783267875424875	0.21645204698569687	-0.26727403371931385	0.775792784949155	0.601854445179166
-0.7177999040202084	0.09399349430445166	0.11230803449215461	0.4598869035496103	0.2114959640564486
-0.6555067866973712	-0.4201863088093005	0.5668663728817769	0.7018263656758279	0.49256024755774086
-1.0209240640589987	-0.045419037297411785	0.8696413167322686	0.37586546413394856	0.1412748471286286
0.7891714338402982	0.5158542865710047	-0.6280628221699547	0.6245097196163804	0.39001238989532994
0.8981369834474552	0.6928445643795828	-0.548060256681835	0.5736810864095061	0.3291099889039912
-0.6892837656795103	-0.2097989935032554	0.4783763567975319	0.6096127927679067	0.37162775710628676
0.5801731906210102	0.4937128171943084	-0.0010763776907328365	0.5781226109926382	0.33422575334094523
0.5738994521755296	0.5961743468572489	-0.19949036190787264	0.6389377426349925	0.40824143896349985
-1.210416556948113	-0.4788280134313931	0.7343833737448141	0.3230574521782562	0.10436611740790631
-0.8307883430053353	-0.028550963683123123	0.5147616710004836	0.4475044573804654	0.20026023937538476
-0.25161797202253805	-0.05870295698409419	0.3463562973484914	0.7858966161298809	0.6176334912443975
-0.8935492983638941	-0.7099481253570951	0.32499128680093375	0.51724859462598	0.26754610864255146
-1.1091451320072059	-0.7221030990781048	0.35704677229308857	0.4269933372054553	0.18232331001785165
-0.20269621184810027	-0.35525466867927313	0.5195600564155488	0.6366987102769968	0.405385247668391
0.5527609550725204	0.0917131377109888	-0.19626759716330772	0.6205885039858614	0.38513009127940956
0.5422575417899126	0.3015249981185505	-0.17838683755238785	0.6624323239038438	0.438816583752647
0.4418781413781644	0.5614181948848852	-0.621329447514672	0.6449383075785784	0.415945420582321
0.3775414804422762	0.3529324714507348	-0.6555368239899154	0.6659700181041224	0.443516065013605
0.37733721582421736	0.15224310138693775	-0.6861855188297699	0.6705555675051742	0.44964476911218626
0.2029399717536253	0.0805773845378835	-0.5761056916304651	0.6673241979243117	0.44532158513532605
0.027975189643405785	0.0622226782856239	-0.46221186624268606	0.6698435886358107	0.44869043323650115
0.5554575144652332	0.36200428886035907	-0.5115366367097427	0.7464096274295083	0.5571273319194575
0.9031497753928628	0.46159226929132074	-0.14038385790272886	0.46502330376229295	0.2162466730419978
-0.5884392624202504	-0.061495003384425	0.24153108306061175	0.5975390057867325	0.35705286343659676
0.6918703145674082	-0.005563433141649158	-0.39810929107178583	0.5391274666309523	0.2906584252759087
0.7234061923674361	-0.23854916035765716	-0.2093745598370324	0.43515548540559945	0.18936029647858288
-0.41688048686016554	-0.34703915051842293	0.4008425765470149	0.7633332248905911	0.5826776122218698
-0.37396877363573156	-0.05548828372923719	0.06824503243351561	0.6916594124475718	0.4783927428273202
-0.34326585244720037	-0.2735595273447695	0.09242827007242438	0.7329891910893164	0.5372731542537703
0.023233293030205018	-0.27562241573586643	0.029558773625738454	0.760895460193204	0.5789619013426276
0.5423428615072903	-0.03138135664937185	-0.7260622115834096	0.6462029038768035	0.41757819297881327
0.7499872836942134	-0.039318876240751276	-0.7599672940433464	0.5264434004854288	0.27714265391466164
0.41378395200385043	-0.15477059881586847	-0.575163735632528	0.6640993875715394	0.4410279965728937
0.2024480726886693	-0.21001428116273166	-0.4737014990383377	0.6557022770921312	0.4299454761838061
-0.46372991817425924	0.18000886486769563	0.43756458190187897	0.6700918577676036	0.4490230978464383
-0.26848889677620047	0.25764110911943283	0.30765418686384693	0.7163839264474297	0.5132059300722362
-0.22807748652813514	0.18031754136284547	0.08804394697138059	0.731482299225999	0.535066354080954
-0.15752698340696095	-0.43069610069783787	-0.056859296242627345	0.6953608799750015	0.4835267533996085
0.07027570240966505	-0.026753191742956223	-0.22689084774052778	0.7812761278297401	0.6103923879166324
-0.9072594322792092	-0.6704717933166199	0.5976701949961115	0.5711719155772146	0.32623735714414476
-0.01759636181068698	0.27937076598040705	0.35954775125404015	0.6436521695199036	0.4142881153276787
0.032965285676203424	0.3788385006887752	0.12029688619713634	0.7199784902554842	0.5183690264305664
0.9689021827792753	0.06936038754141431	-0.6236711242179249	0.3656556183453611	0.13370403122752836
0.0060070753248126045	0.040237677836267735	0.18129229235111002	0.7706910002402093	0.5939646178512543
-0.08238366767527062	-0.2768887108981044	-0.3286308863189652	0.6342514467862639	0.40227489775046893
